sentence,true_label,vader_pred,finbert_pred,vader_compound,finbert_confidence,true_label_str,vader_pred_str,finbert_pred_str,vader_correct,finbert_correct,models_disagree
"SRV will also build an aqua park with wellness area , a restaurant and a multifunctional ice arena .",1,2,1,0.44040000438690186,0.6637939214706421,neutral,positive,neutral,False,True,True
"The share capital of Basware Corporation is 11,720,829 .",1,2,1,0.29600000381469727,0.9524142742156982,neutral,positive,neutral,False,True,True
"Meanwhile , Alfa owns 25.1 % of MegaFon through Altimo , and 4.99 % of Turkcell via an 18.5 % stake in Cukurova Holding .",1,1,1,0.0,0.9429856538772583,neutral,neutral,neutral,True,True,False
"The value of the deal exceeds EUR500 ,000 , the company said .",1,2,1,0.3400000035762787,0.5471413135528564,neutral,positive,neutral,False,True,True
"Operating profit for the nine-month period increased from EUR3 .1 m and net sales increased from EUR61 .5 m , as compared to the corresponding period in 2007 .",2,2,2,0.7268999814987183,0.9561133980751038,positive,positive,positive,True,True,False
"The closing of the transaction is scheduled to take place on January 10 , 2008 .",1,1,1,0.0,0.9552096128463745,neutral,neutral,neutral,True,True,False
Net sales surged by 30 % to EUR 36 million .,2,1,2,0.0,0.9565695524215698,positive,neutral,positive,False,True,True
The company said that sales in the three months to the end of March slid to EUR86 .4 m US$ 113.4 m from EUR91 .2 m last year .,0,1,0,0.0,0.9752587080001831,negative,neutral,negative,False,True,True
"F-Secure reported that : - The first half of 2008 has seen a growing number of targeted malware attacks on individuals , companies , and organizations .",1,0,0,-0.22630000114440918,0.7862293720245361,neutral,negative,negative,False,False,False
"Also , a seven-year historic analysis is provided for these markets .",1,1,1,0.0,0.9315147399902344,neutral,neutral,neutral,True,True,False
Mr K.R. Vasantha has been appointed Managing Director of Incap Contract Manufacturing Services Pvt. Ltd. .,1,1,1,0.0,0.9383370280265808,neutral,neutral,neutral,True,True,False
"In the Czech Republic , the profiling unit at Ostrava will be closed and the machinery will be relocated to Ruukki 's bigger plants in Hungary , Poland and Romania by the end of the first quarter of 2009 .",1,1,1,0.0,0.6834947466850281,neutral,neutral,neutral,True,True,False
Lieksaare Oy has earlier been regarded under the control of Saarelainen Oy and the individual shareholders under the shareholder agreement .,1,2,1,0.49390000104904175,0.9543460011482239,neutral,positive,neutral,False,True,True
"However , the net sales declined to EUR 803.6 million from EUR 1.2 billion .",0,1,0,0.0,0.9749944806098938,negative,neutral,negative,False,True,True
Pretax profit decreased by 37 % to EUR 193.1 mn from EUR 305.6 mn .,0,2,0,0.44040000438690186,0.9749769568443298,negative,positive,negative,False,True,True
"The sale will result in a capital loss of EUR5m for Solidium , which obtained Tikkurila shares in March 2010 .",0,1,0,-0.025800000876188278,0.5353636741638184,negative,neutral,negative,False,True,True
Consolidated pretax profit decreased by 69.2 % to EUR 41.0 mn from EUR 133.1 mn in 2007 .,0,2,0,0.44040000438690186,0.9760973453521729,negative,positive,negative,False,True,True
Net interest income increased by 4.5 % to EUR 31.4 mn from EUR 30.0 mn in 2004 .,2,2,2,0.6248999834060669,0.9520435333251953,positive,positive,positive,True,True,False
- Profit before taxes was EUR 105.9 82.7 million .,1,2,1,0.44040000438690186,0.9256082773208618,neutral,positive,neutral,False,True,True
"Fiskars , the World 's  1 Scissors Brand TM , recently won Learning -« Magazine 's 2011 Teachers ' Choice Award for the Classroom .",2,2,2,0.8019999861717224,0.7950850129127502,positive,positive,positive,True,True,False
BM4 middle layer headbox will be equipped with a dilution control system .,1,1,1,0.0,0.8297094106674194,neutral,neutral,neutral,True,True,False
"The maximum amount of the capital loan will be EUR30m and the minimum subscription -- EUR10 ,000 .",1,1,1,0.0,0.9470021724700928,neutral,neutral,neutral,True,True,False
Nokia Messaging 1.1 enables customers to receive e-mails from up to 10 e-mail accounts on their mobile phone supporting all POP or IMAP e-mail services .,1,2,1,0.44040000438690186,0.8889634013175964,neutral,positive,neutral,False,True,True
"At the beginning of the subscription period on May 2 , 2006 the share subscription price under B option right is EUR 10.22 per share .",1,2,1,0.5267000198364258,0.9526937007904053,neutral,positive,neutral,False,True,True
"The company 's transportation business is conducted through Florida Rock & Tank Lines , which is a Southeastern transportation company concentrating in the hauling by motor carrier of liquid and dry bulk commodities .",1,1,1,0.0,0.9327125549316406,neutral,neutral,neutral,True,True,False
"HELSINKI ( AFX ) - Retail and wholesale group Kesko reported net sales of 659.4 mln eur for February , an increase of 10.8 pct year-on-year .",2,2,2,0.3181999921798706,0.9557422399520874,positive,positive,positive,True,True,False
"In the second quarter of 2010 , the group 's pretax loss narrowed to EUR 400,000 from EUR 600,000 .",2,0,2,-0.3181999921798706,0.9259689450263977,positive,negative,positive,False,True,True
Solidium now holds 5.0 per cent of the shares Solidium Oy has acquired 5.0 per cent of the shares in Tieto Corporation for approximately EUR 58 million .,1,2,1,0.5267000198364258,0.9383249282836914,neutral,positive,neutral,False,True,True
HELSINKI AFX - KCI Konecranes said it has won an order for four hot metal ladle cranes from Indian steel producer Bhushan Steel and Strips Ltd. .,2,2,2,0.5719000101089478,0.9477390646934509,positive,positive,positive,True,True,False
"The contract covers turnkey deliveries to all five airports operated by the authority -- John F Kennedy , LaGuardia , Newark , Teterboro and Stewart International .",1,2,2,0.07720000296831131,0.6952191591262817,neutral,positive,positive,False,False,False
Closing of such transaction took place today .,1,1,1,0.0,0.9483272433280945,neutral,neutral,neutral,True,True,False
"In a note to clients published , the Dutch broker described the company 's third quarter results as ` soft ' , although it also noted that Elcoteq retained its guidance , dealers said .",1,1,2,0.025800000876188278,0.5367883443832397,neutral,neutral,positive,True,False,True
"According to the company , in addition to normal seasonal fluctuation the market situation has weakened during autumn 2008 .",0,0,0,-0.3181999921798706,0.9570589065551758,negative,negative,negative,True,True,False
Alfa group will have 43.9 % of voting stock in the new company and Telenor 35.4 % with a free float of 20.7 % .,1,2,1,0.5105999708175659,0.9469675421714783,neutral,positive,neutral,False,True,True
Outotec 's net profit for the second quarter of 2007 jumped to 16.8 mln euro ( $ 23.1 mln ) from 4.6 mln euro ( $ 6.3 mln ) a year ago .,2,2,2,0.44040000438690186,0.9489137530326843,positive,positive,positive,True,True,False
"As such , the space has blond wood floors ( unlike the rest of the store ) and a notably Scandinavian vibe .",1,1,1,0.0,0.7948706746101379,neutral,neutral,neutral,True,True,False
"The hosting mobile terminal guides information flow between itself , the participating terminals , and optionally , with network servers that may assist the hosting mobile terminal .",1,1,1,0.0,0.9535281658172607,neutral,neutral,neutral,True,True,False
Tiimari operates 194 stores in six countries -- including its core Finnish market -- and generated a turnover of 76.5 mln eur in 2005 .,1,1,1,0.0,0.9281978011131287,neutral,neutral,neutral,True,True,False
Recently the company decided to build a second identical plant at the same site due to be commissioned toward the end of 2008 .,1,1,1,0.0,0.5896974802017212,neutral,neutral,neutral,True,True,False
"( ADP News ) - Feb 12 , 2009 - Finnish construction company Lemminkainen Oyj ( HEL : LEM1S ) said today its net profit decreased to EUR 63.5 million ( USD 81.1 m ) for 2008 from EUR 80.6 million for 2007 .",0,2,0,0.44040000438690186,0.9746427536010742,negative,positive,negative,False,True,True
`` Those uncertainties cloud the long-term outlook . '',0,0,0,-0.3400000035762787,0.9132154583930969,negative,negative,negative,True,True,False
Sanoma Corporation wants a new and better frequency for the Helsinki metropolitan area .,1,2,1,0.44040000438690186,0.522554874420166,neutral,positive,neutral,False,True,True
"Stockholm , 3 March 2011 About Cybercom The Cybercom Group is a high-tech consultancy that offers global sourcing for end-to-end solutions .",1,2,1,0.17790000140666962,0.8946468830108643,neutral,positive,neutral,False,True,True
"Following the divestment , Fiskars 's Outdoor unit will comprise the brands Gerber , Silva and Buster , and will focus on multi-tools , knives , compasses , mobile lighting , pedometers , and aluminium boats .",1,1,1,0.0,0.9275018572807312,neutral,neutral,neutral,True,True,False
"The business area has operations in Finland , Sweden , Denmark , Estonia , Latvia and Lithuania .",1,1,1,0.0,0.9480161070823669,neutral,neutral,neutral,True,True,False
The group reiterated its forecast that handset manufacturers will sell around 915 mln units this year globally .,1,1,2,0.0,0.8271640539169312,neutral,neutral,positive,True,False,True
The share subscription period for C options will commence on 1 September 2008 and expire on 31 March 2011 .,1,2,1,0.29600000381469727,0.9528343677520752,neutral,positive,neutral,False,True,True
"The sale of Savcor FACE to Cencorp will result in a profit or loss which can not yet be determined , owing to factors including the valuation of the consideration shares to be received and prevailing exchange rates .",1,2,0,0.19349999725818634,0.6104629039764404,neutral,positive,negative,False,False,True
Productional situation has now improved .,2,2,2,0.4767000079154968,0.958660900592804,positive,positive,positive,True,True,False
`` We know there are some of our own people out there . '',1,1,1,0.0,0.8285115361213684,neutral,neutral,neutral,True,True,False
A paper mill in the central Maine town of Madison soon will have a new owner .,1,1,1,0.0,0.9051610231399536,neutral,neutral,neutral,True,True,False
Other details were not provided .,1,1,1,0.0,0.893913745880127,neutral,neutral,neutral,True,True,False
"Outotec 's scope of delivery covers the engineering , supply of special equipment and services for a calcination plant with two circulating fluid bed calciners .",1,2,1,0.4018999934196472,0.935061514377594,neutral,positive,neutral,False,True,True
"ALEXANDRIA , Va. , March 20 -- Patrik Flykt and Timo Alakoski , both of Helsinki , Finland , and Tapio Suihko and Nadarajah Asokan , both of Espoo , Finland , have developed a method of mobility support of Internet-type protocol traffic in a communication system .",1,2,1,0.4018999934196472,0.877024233341217,neutral,positive,neutral,False,True,True
"For 2009 , net profit was EUR 3 million and the company paid a dividend of EUR 1.30 apiece .",1,2,1,0.44040000438690186,0.9441209435462952,neutral,positive,neutral,False,True,True
The value of the orders is about EUR 25mn .,1,2,1,0.3400000035762787,0.9427947998046875,neutral,positive,neutral,False,True,True
Most of the dividend will go to the Grimaldi family .,1,1,1,0.0,0.9564992189407349,neutral,neutral,neutral,True,True,False
The contract involves refurbishing the bathrooms of 189 units as well as re-plumbing their water and sewer pipes .,1,2,1,0.27320000529289246,0.7419275641441345,neutral,positive,neutral,False,True,True
Passenger volumes rose by 8.4 % in the accounting period .,2,1,2,0.0,0.9549556970596313,positive,neutral,positive,False,True,True
"The repayment of EUR 105 million debenture bonds is related to the Company 's previous announcement on October 21 , 2009 to collect irrevocable selling commitments from the holders of its subordinated debenture bonds .",1,2,1,0.12800000607967377,0.8935378193855286,neutral,positive,neutral,False,True,True
The measures taken will cause one-time costs during the final part of 2006 .,1,1,0,0.0,0.9415819048881531,neutral,neutral,negative,True,False,True
The actions are expected to deliver annual cost savings of some EUR15-20m .,2,1,2,0.0,0.9496346116065979,positive,neutral,positive,False,True,True
"Changes in the market situation and tougher price competition have substantially reduced demand for bread packaging manufactured at the Kauhava plant , according to the company .",0,1,0,-0.02019999921321869,0.9662134051322937,negative,neutral,negative,False,True,True
"Sales in Finland decreased by 2.0 % , and international sales decreased by 9.3 % in terms of euros , and by 15.1 % in terms of local currencies .",0,1,0,0.0,0.9731277227401733,negative,neutral,negative,False,True,True
"Nevertheless , its market share rose to 49.14 percent from 48.51 percent a year earlier .",2,2,2,0.29600000381469727,0.9522169828414917,positive,positive,positive,True,True,False
"At first , Solteq 's services to companies operating in the St. Petersburg area will include maintenance and material management systems and data collection solutions .",1,2,1,0.17790000140666962,0.860482394695282,neutral,positive,neutral,False,True,True
The robust growth was the result of the inclusion of clothing chain Lindex in the Group in December 2007 .,2,2,2,0.6123999953269958,0.9010883569717407,positive,positive,positive,True,True,False
"As part of the transaction , the +ä+ñnekoski paper mill remained in M-real 's ownership and continued Galerie Art production for Sappi under a long-term contract .",1,1,1,0.0,0.8687288165092468,neutral,neutral,neutral,True,True,False
`` The announced investment of the carmaker Hyundai for example sounds optimistically for us as of course new cars mean new tires . '',2,2,2,0.4767000079154968,0.8936671018600464,positive,positive,positive,True,True,False
` Very recommendable ' is the Nokian Z G2 according to the ` ADAC judgement ' in the latest summer tyre test of the German automobile association ADAC .,2,1,2,0.0,0.8038007616996765,positive,neutral,positive,False,True,True
Operating profit rose to EUR 4.7 mn from EUR 4.6 mn .,2,2,2,0.44040000438690186,0.9536495208740234,positive,positive,positive,True,True,False
"EXEL COMPOSITES IN BRIEF Exel Composites is a technology company which designs , manufactures and markets composite profiles and tubes for industrial applications .",1,1,1,0.0,0.9392538666725159,neutral,neutral,neutral,True,True,False
The company is reportedly searching for a replacement for CEO Olli-Pekka Kallasvuo .,1,1,1,0.0,0.5133618116378784,neutral,neutral,neutral,True,True,False
The fair value of the company 's investment properties went down to EUR 2.768 billion at the end of 2009 from EUR 2.916 billion a year earlier .,0,2,0,0.5719000101089478,0.9739954471588135,negative,positive,negative,False,True,True
Mr. Kari Stadigh will carry on as Chairman of the Board and Mr. Matti Arteva as Vice-Chairman .,1,1,1,0.0,0.9549646377563477,neutral,neutral,neutral,True,True,False
Pharmaceuticals - Spain This brand-new market analysis gives a clear overview of the actual situation and future outlook of the pharmaceutical market in Spain .,1,2,1,0.38179999589920044,0.9263762831687927,neutral,positive,neutral,False,True,True
Aspo has also investigated the sales opportunities of Kaukomarkkinat 's electronics business .,1,2,1,0.38179999589920044,0.8918254375457764,neutral,positive,neutral,False,True,True
"At some point in 2010 , all separate company names , such as Palmberg , Tekmanni , Lemcon , Forssan Betoni , Suonenjoen Betonituote , among others , will disappear .",1,0,1,-0.22630000114440918,0.8526129126548767,neutral,negative,neutral,False,True,True
"A total of 131000 Talvivaara Mining Company Plc 's new shares were subscribed for during the period between May 1 , 2010 and June 30 , 2010 under the company 's stock option rights 2007A .",1,2,1,0.29600000381469727,0.9531992673873901,neutral,positive,neutral,False,True,True
Unit costs for flight operations fell by 6.4 percent .,2,1,0,0.0,0.9678425788879395,positive,neutral,negative,False,False,True
Finnlines estimated in its annual general meeting that 2008 will be financially a tough year due to large investments .,0,0,0,-0.12800000607967377,0.9690293669700623,negative,negative,negative,True,True,False
Last year 's net sales rose to EUR 68.3 million from EUR 62.2 million .,2,1,2,0.0,0.9495242238044739,positive,neutral,positive,False,True,True
"The employer , together with health personnel , supports quitting and pays part of the cost of nicotine treatments .",1,2,1,0.3612000048160553,0.8434247374534607,neutral,positive,neutral,False,True,True
The rebuilds are designed to improve the machines ' performance and product quality .,2,2,2,0.44040000438690186,0.9339287877082825,positive,positive,positive,True,True,False
"Our customers include companies in the energy and process industry sectors , in particular .",1,2,1,0.27320000529289246,0.9166604280471802,neutral,positive,neutral,False,True,True
Operating loss totaled EUR 25mn compared to a profit of EUR 63mn in the corresponding period in 2005 .,0,2,0,0.15309999883174896,0.9757693409919739,negative,positive,negative,False,True,True
Both the net sales and operating profit were record high in the company 's history .,2,2,2,0.44040000438690186,0.9418882131576538,positive,positive,positive,True,True,False
Elektrobit ( EB ) has renewed its IT infrastructure contract with ICT services provider Fujitsu Services for EB 's Patja service .,2,1,2,0.0,0.9534963369369507,positive,neutral,positive,False,True,True
Operating profit rose to EUR 9.2 mn from EUR 6.8 mn in the corresponding period in 2007 .,2,2,2,0.44040000438690186,0.9513079524040222,positive,positive,positive,True,True,False
"The latest result included per-share charges of 5 cents for stock compensation , 1 cent for research and development and 1 cent for strategic investments .",1,0,1,-0.27320000529289246,0.8898249268531799,neutral,negative,neutral,False,True,True
No financial details were disclosed .,1,0,1,-0.29600000381469727,0.9409186840057373,neutral,negative,neutral,False,True,True
"Following the acquisition , Relacom will strengthen its presence in Finland , serving operators and office market with mobile and fixed networks construction , installation and maintenance services .",2,2,2,0.3181999921798706,0.9289032816886902,positive,positive,positive,True,True,False
"Operating profit , excluding non-recurring items , totaled EUR 0.2 mn , down from EUR 0.8 mn in the corresponding period in 2006 .",0,2,0,0.44040000438690186,0.9766066670417786,negative,positive,negative,False,True,True
Runway Visual Range is a calculated assessment of the distance that a pilot can see down a runway .,1,1,1,0.0,0.9022214412689209,neutral,neutral,neutral,True,True,False
20 October 2010 - Finnish metal products company Componenta Oyj HEL : CTH1V said yesterday that its net loss narrowed to EUR7m for the first nine months of 2010 from EUR23 .3 m for the same period of 2009 .,2,0,2,-0.3181999921798706,0.9392777681350708,positive,negative,positive,False,True,True
"According shipping company Viking Line , the EU decision will have a significant financial impact .",1,2,0,0.20229999721050262,0.5432599186897278,neutral,positive,negative,False,False,True
"Capacity of the facility made by Finland 's Vaahto Group is 86,000 tons of light coated paper .",1,1,1,0.0,0.9395632743835449,neutral,neutral,neutral,True,True,False
"May 29 , 2010 ( CompaniesandMarkets.com delivered by Newstex ) -- This report provides key data and information on the meat , fish and poultry market in Finland .",1,1,1,0.0,0.9420151114463806,neutral,neutral,neutral,True,True,False
"However , the company saw its net profit for the third quarter down to EUR 1.4 million from EUR 1.5 million for the corresponding period of 2009 .",0,2,0,0.44040000438690186,0.9738117456436157,negative,positive,negative,False,True,True
"In addition to the Tulikivi Corporation , he is also currently a member of the Board of the following companies : Altia Corporation , J+ñrvi-Suomen Portti Osuuskunta , Osuuskunta KPY , Profile Vehicles Oy and Voimatel Oy .",1,1,1,0.0,0.9483848214149475,neutral,neutral,neutral,True,True,False
`` Stonesoft sees great promise in the future of IPv6 .,2,2,2,0.7505999803543091,0.9166688323020935,positive,positive,positive,True,True,False
The order was valued at USD12 .2 m.,1,2,1,0.44040000438690186,0.9239164590835571,neutral,positive,neutral,False,True,True
Cision says the sale will return its U.K. operation to profitability .,2,2,2,0.27320000529289246,0.9503961801528931,positive,positive,positive,True,True,False
"Currently , the plant operates on full capacity .",1,1,1,0.0,0.7675380110740662,neutral,neutral,neutral,True,True,False
The estimated value of the deal is USD 9.2 million .,1,2,1,0.3400000035762787,0.9446683526039124,neutral,positive,neutral,False,True,True
Shares will be acquired in accordance with section 5 of the rules of NASDAQ OMX Helsinki and other rules applicable to the acquisition of own shares .,1,2,1,0.5267000198364258,0.9540544748306274,neutral,positive,neutral,False,True,True
He wore a black beanie-type cap and a black jacket .,1,1,1,0.0,0.8388562798500061,neutral,neutral,neutral,True,True,False
"F-Secure , a developer of security solutions as a service through Internet Service Providers and mobile operators , announced results from its annual Online Wellbeing Survey .",1,2,2,0.4767000079154968,0.6710271835327148,neutral,positive,positive,False,False,False
"The markets are almost completely controlled by three banks : Nordea , OP Bank Group , and Sampo .",1,1,1,0.0,0.9523918032646179,neutral,neutral,neutral,True,True,False
"Many of the commercial vessels had got stuck in the narrow Bay of Bothnia , where the ice is thicker , and around the Aaland islands .",0,0,0,-0.25,0.9547401666641235,negative,negative,negative,True,True,False
"Cablevision Systems Corp. CVC Their Madison Square Garden division owns and operates the New York Knickerbockers basketball team ; they also own the Madison Square Garden Arena , the New York Rangers hockey team , the New York Liberty women 's basketball team , and the Hartford Wolf Pack hockey team .",1,2,1,0.5267000198364258,0.954538881778717,neutral,positive,neutral,False,True,True
"Full-year net sales are expected to increase by approximately 10 % , the company said .",2,2,2,0.3181999921798706,0.9486953616142273,positive,positive,positive,True,True,False
Part of the reductions will be made through retirement arrangements .,1,1,1,0.0,0.8143525123596191,neutral,neutral,neutral,True,True,False
The center will be built in the Kapuli district of Mantsala beside the Hanko-Mantsala-Porvoo road near the new direct rail link between Lahti and Jarvenpaa .,1,1,1,0.0,0.8347740769386292,neutral,neutral,neutral,True,True,False
"Nokia Siemens Networks provides mobile and fixed network infrastructure , communications and networks service platforms , as well as professional services , to operators and service providers .",1,2,1,0.27320000529289246,0.9235362410545349,neutral,positive,neutral,False,True,True
Operating loss amounted to EUR 0.7 mn compared to a profit of EUR 0.8 mn in the second quarter of 2005 .,0,2,0,0.15309999883174896,0.9762634634971619,negative,positive,negative,False,True,True
The order includes 48 ship cranes that will be delivered for 12 container feeders to be built at Wenchong shipyard in China .,1,1,1,0.0,0.8905622959136963,neutral,neutral,neutral,True,True,False
BioTie North-American licensing partner Somaxon Pharmaceuticals started a phase II-III clinical study in patients suffering from pathological gambling and a pilot phase II study in nicotine addiction smoking cessation .,1,0,1,-0.4767000079154968,0.5062452554702759,neutral,negative,neutral,False,True,True
Elcoteq SE is listed on the Nasdaq OMX Helsinki Ltd. .,1,1,1,0.0,0.9493439197540283,neutral,neutral,neutral,True,True,False
Mobile communication and wireless broadband provider Nokia Inc NYSE : NOK today set new financial targets and forecasts for Nokia and the mobile device industry and also for Nokia Siemens Networks and the mobile and fixed infrastructure and related services market .,1,1,1,0.0,0.8040829300880432,neutral,neutral,neutral,True,True,False
"Sales in Finland decreased by 10.5 % in January , while sales outside Finland dropped by 17 % .",0,1,0,0.0,0.9744252562522888,negative,neutral,negative,False,True,True
"Revenue in July to September grew 14 percent to ( EURO ) 467 million from a year earlier , the company said Thursday .",2,1,2,0.0,0.9556383490562439,positive,neutral,positive,False,True,True
The aforementioned shareholders have informed that they will propose to the Annual General Meeting that the number of members of the Board of Directors shall be five and that besides the present members of the Board of Directors also Mr Lassi Noponen shall be elected to the Board of Directors .,1,2,1,0.07720000296831131,0.9512786269187927,neutral,positive,neutral,False,True,True
"Neste Oil s refineries have a combined crude oil refining capacity of approximately 260,000 barrels a day .",1,0,1,-0.5719000101089478,0.9080274105072021,neutral,negative,neutral,False,True,True
"Vaisala , headquartered in Helsinki in Finland , develops and manufactures electronic measurement systems for meteorology , environmental sciences , traffic and industry .",1,1,1,0.0,0.941245973110199,neutral,neutral,neutral,True,True,False
Operating profit decreased to EUR 16mn from EUR 21.1 mn in 2008 .,0,2,0,0.44040000438690186,0.9759230613708496,negative,positive,negative,False,True,True
Net sales fell by 5 % from the previous accounting period .,0,1,0,0.0,0.976175844669342,negative,neutral,negative,False,True,True
"Svyturys-Utenos Alus , which is controlled by the Nordic group Baltic Beverages Holding ( BBH ) , posted a 6.1 percent growth in beer sales for January-September to 101.99 million liters .",2,2,2,0.38179999589920044,0.9518836736679077,positive,positive,positive,True,True,False
Cash flow from operations in January-December 2008 was a negative EUR 18.1 mn compared to EUR 39.0 mn in the corresponding period in 2007 .,0,0,0,-0.5719000101089478,0.9746688008308411,negative,negative,negative,True,True,False
"Panostaja , headquartered in Tampere , Finland , is an investment company focusing on small and medium-sized Finnish companies operating in the traditional industries .",1,1,1,0.0,0.9414843916893005,neutral,neutral,neutral,True,True,False
"On preliminary estimate , the hotel will operate under the brand Novotel .",1,1,1,0.0,0.9253301024436951,neutral,neutral,neutral,True,True,False
"Harold W. Young is an independent broker working closely with several retailers including Ahold USA , Market Basket , CVS , BJ 's Wholesale Club , Hannaford and Cumberland Farms .",1,1,1,0.0,0.8503721952438354,neutral,neutral,neutral,True,True,False
Terms of the acquisition were not disclosed .,1,1,1,0.0,0.9518716931343079,neutral,neutral,neutral,True,True,False
Bovine slaughtering and cutting at the Kuopio facility will be transferred to the Kauhajoki slaughterhouse .,1,0,1,-0.12800000607967377,0.9427129030227661,neutral,negative,neutral,False,True,True
Kershaw takes up the position with immediate effect from her previous role as marketing manager of Sankey Home & Garden Products .,1,1,1,0.0,0.9215841293334961,neutral,neutral,neutral,True,True,False
Neste Shipping is the most likely to remain Finnish as the oil sector and its transports are significant for emergency supply .,1,0,0,-0.20229999721050262,0.3832312822341919,neutral,negative,negative,False,False,False
"Finnish Kemira 's net sales EUR decreased to EUR 1,259.6 mn in January-June 2009 from EUR 1,425.1 mn in January-June 2008 .",0,1,0,0.0,0.9740028381347656,negative,neutral,negative,False,True,True
"Mr Clausen , however , refused to comment the option that Nordea would consider buying into Citadele Bank .",1,0,1,-0.29600000381469727,0.9284346699714661,neutral,negative,neutral,False,True,True
Officials did not disclose the contract value .,1,2,1,0.3400000035762787,0.8852719068527222,neutral,positive,neutral,False,True,True
Karppinen expects the consolidation trend to continue in the Finnish market .,1,1,2,0.0,0.9264102578163147,neutral,neutral,positive,True,False,True
"At 3:37 p.m. Eastern time , a block of 2,400 contracts changed hands at a bid price of $ 0.45 .",1,0,1,-0.44040000438690186,0.8969349265098572,neutral,negative,neutral,False,True,True
The online ice chart shows no ice in the area of Estonia 's sea ports on the coast of the Gulf of Finland .,1,0,1,-0.29600000381469727,0.8691057562828064,neutral,negative,neutral,False,True,True
Short-term licenses for the games cost as little as $ 3 while purchasing a game outright can cost as much as $ 10 or $ 15 .,1,1,1,0.0,0.8976675271987915,neutral,neutral,neutral,True,True,False
Almost the entire office building will be occupied by Metso .,1,1,1,0.0,0.9579565525054932,neutral,neutral,neutral,True,True,False
"The ship cranes , which will be manufactured by MacGREGOR 's partner plants in China , will be delivered between 2008-2010 for vessels ordered by Chinese COSCO , German Peter Dohle and Hong Kong based Cido Shipping .",1,1,1,0.0,0.8313326835632324,neutral,neutral,neutral,True,True,False
"Tekla will organize an information meeting for analysts and media at WTC Helsinki Marski meeting room , Aleksanterinkatu 17 , the same day at 12:30 - 1:30 p.m. Light lunch will be served .",1,1,1,0.0,0.9504287838935852,neutral,neutral,neutral,True,True,False
"Sales are expected to increase in the end of the year 2006 , however .",2,2,2,0.3181999921798706,0.9532482028007507,positive,positive,positive,True,True,False
"Koff 's market share of the volume of the market was 23.4 % , Karhu 's 21.4 % .",1,2,1,0.29600000381469727,0.9442926049232483,neutral,positive,neutral,False,True,True
`` The new unit is a major investment in the Finnish media scene .,1,1,1,0.0,0.5541641116142273,neutral,neutral,neutral,True,True,False
Loss for the period totalled EUR 15.6 mn compared to a profit of EUR 6.3 mn in 2008 .,0,2,0,0.15309999883174896,0.955826997756958,negative,positive,negative,False,True,True
SAMPO PLC Jarmo Salonen Head of Investor Relations and Group Communications tel. +358 10 516 0030 Distribution : NASDAQ OMX Helsinki The principal media Financial Supervisory Authority www.sampo.com This announcement is distributed by Thomson Reuters on behalf of Thomson Reuters clients .,1,2,1,0.07720000296831131,0.9520226716995239,neutral,positive,neutral,False,True,True
"This action follows personnel negotiations concerning Elcoteq SE , Finnish Branch , Elcoteq Finland Oy and Elcoteq Design Center Oy .",1,1,1,0.0,0.5467807054519653,neutral,neutral,neutral,True,True,False
"Excluding non-recurring items , pre-tax profit surged 45 % to EUR80m .",2,2,2,0.44040000438690186,0.9576560258865356,positive,positive,positive,True,True,False
"The Stockmann department store will have a total floor space of over 8,000 square metres and Stockmann 's investment in the project will have a price tag of about EUR 12 million .",1,1,1,0.0,0.9203941226005554,neutral,neutral,neutral,True,True,False
"Finnish electronics contract maker Incap Oyj said on January 3 , 2008 it sold its manufacturing facilities in Helsinki to local real estate company Sponda Oyj for 5.3 mln euro ( $ 7.8 mln ) .",1,1,1,0.0,0.9430372714996338,neutral,neutral,neutral,True,True,False
Talvivaara is listed on the London Stock Exchange Main Market and NASDAQ OMX Helsinki and is included in the FTSE 250 Index .,1,1,1,0.0,0.9461051225662231,neutral,neutral,neutral,True,True,False
The deal includes an option for Cramo to buy out the minority stake in 2011 .,1,1,1,0.0,0.9041435122489929,neutral,neutral,neutral,True,True,False
"Helsinki-based Componenta bought Turkish listed company Doktas in October 2006 for 89 million euros , making it the largest Finnish investment in Turkey to date .",1,1,1,0.0,0.8421142101287842,neutral,neutral,neutral,True,True,False
Aspocomp intends to set up a plant to manufacture printed circuit boards with an investment of Rs310 crore .,1,1,1,0.0,0.6838163733482361,neutral,neutral,neutral,True,True,False
Aldata said that there are still a number of operational aspects to be defined between it and Microsoft and further details of the product and market initiatives resulting from this agreement will be available at a later date .,1,2,1,0.6187000274658203,0.8965831995010376,neutral,positive,neutral,False,True,True
"LONDON AFX - UK and European brokers ' recommendations issued today , as collated by AFX News from a range of market sources .",1,1,1,0.0,0.940777599811554,neutral,neutral,neutral,True,True,False
Registration is required .,1,1,1,0.0,0.9404744505882263,neutral,neutral,neutral,True,True,False
"The parties have agreed not to disclose the price of the deal , the group said in a press release .",1,2,1,0.5859000086784363,0.935654878616333,neutral,positive,neutral,False,True,True
The mill has long traditions and holds an established position in the markets .,2,1,2,0.0,0.8282896876335144,positive,neutral,positive,False,True,True
Below are unaudited consolidated results for Aspocomp Group under IFRS reporting standards .,1,1,1,0.0,0.9404146671295166,neutral,neutral,neutral,True,True,False
Finnish Stockmann Group 's mail order unit Hobby Hall has launched a trial marketing campaign in Russia .,1,2,2,0.12800000607967377,0.5060421228408813,neutral,positive,positive,False,False,False
Return on investment ROI was 4.1 % compared to 43.8 % in the first half of 2008 .,0,1,0,0.0,0.94366455078125,negative,neutral,negative,False,True,True
"Seppala 's revenue increased by 0.2 % to EUR10 .1 m. In Finland , revenue went down by 2.4 % to EUR6 .8 m , while sales abroad rose by 6.2 % to EUR3 .3 m. Sales increased in all the Baltic countries as well as in Russia and Ukraine .",2,2,0,0.6485999822616577,0.6781303882598877,positive,positive,negative,True,False,True
Competition authorities will have to approve the deal before it can be finalized .,1,1,1,0.0,0.7950028777122498,neutral,neutral,neutral,True,True,False
"In Middle East & North Africa , Tecnotree has grown considerably in the recent years .",2,1,2,0.0,0.9106462001800537,positive,neutral,positive,False,True,True
No other ev3 devices were involved in this action .,1,0,1,-0.29600000381469727,0.9431573152542114,neutral,negative,neutral,False,True,True
After 1 April 2007 Cencorp will not have any own employees in the territory .,1,1,1,0.0,0.9403274059295654,neutral,neutral,neutral,True,True,False
The pretax profit of the group 's life insurance business increased to EUR36m from EUR27m .,2,2,2,0.6123999953269958,0.9518555998802185,positive,positive,positive,True,True,False
"Estonia 's Agriculture Minister Helir-Valdor Seeder is in Finland on a two-day visit , in the course of which he will meet with his Finnish counterpart Sirkka-Liisa Anttila .",1,1,1,0.0,0.9148998856544495,neutral,neutral,neutral,True,True,False
The order is a follow-on to an 11 mln euro ( $ 16.1 mln ) deal made in July 2007 .,1,1,1,0.0,0.780400812625885,neutral,neutral,neutral,True,True,False
LONDON MarketWatch -- Share prices ended lower in London Monday as a rebound in bank stocks failed to offset broader weakness for the FTSE 100 .,0,0,0,-0.7268999814987183,0.9700015187263489,negative,negative,negative,True,True,False
"HELSINKI ( AFX ) - Shares closed higher , led by Nokia after it announced plans to team up with Sanyo to manufacture 3G handsets , and by Nokian Tyres after its fourth-quarter earnings report beat analysts ' expectations , dealers said .",2,2,2,0.29600000381469727,0.946870744228363,positive,positive,positive,True,True,False
The arrangements do not apply to the group 's units outside Finland .,1,1,1,0.0,0.9533454775810242,neutral,neutral,neutral,True,True,False
"Insurer Axa ( PAR : CS ) slid by 5.35 % to EUR 14.15 , after Citigroup and ING slashed their targets on the stock .",0,0,0,-0.22630000114440918,0.9752639532089233,negative,negative,negative,True,True,False
Nordea was the cheapest also for a couple in their 30s with debt .,1,0,1,-0.3612000048160553,0.6522654294967651,neutral,negative,neutral,False,True,True
"As a result , 12 people will be made redundant and a total of 67 persons are laid off temporarily .",0,1,0,0.0,0.9700643420219421,negative,neutral,negative,False,True,True
1 February 2011 - Finnish textile and clothing company Marimekko Oyj HEL : MMO1V said today its preliminary operating profit grew to EUR8 .2 m in 2010 from EUR6 .3 m in 2009 .,2,2,2,0.44040000438690186,0.9425209760665894,positive,positive,positive,True,True,False
The bridge will be 1.2 km long and is located between Anasmotet by the road E20 and the new traffic junction in Marieholm by the road E45 .,1,1,1,0.0,0.8960331082344055,neutral,neutral,neutral,True,True,False
"`` UPM 's deliveries increased during the third quarter by 4 percent , and the efficiency of operations improved , '' Chief Executive Jussi Pesonen said .",2,2,2,0.7717000246047974,0.9598405361175537,positive,positive,positive,True,True,False
The company is well positioned in Brazil and Uruguay .,2,2,2,0.27320000529289246,0.7264488339424133,positive,positive,positive,True,True,False
Two of these contracts are for turntable anode vibrocompactors that will be delivered to Gansu Hualu Aluminum Co Ltd and another unnamed costumer .,1,1,1,0.0,0.8555629253387451,neutral,neutral,neutral,True,True,False
"In the fourth quarter of 2006 , OKO Banks expects the operating environment for Banking and Investment Services to remain similar to that in January-September 2006 .",1,1,2,0.0,0.8709604740142822,neutral,neutral,positive,True,False,True
The percentages of shares and voting rights have been calculated in proportion to the total number of shares registered with the Trade Register and the total number of voting rights related to them .,1,2,1,0.7049999833106995,0.9502877593040466,neutral,positive,neutral,False,True,True
"Net interest income was EUR 39.3 mn , up from EUR 32.7 mn .",2,2,2,0.45879998803138733,0.9556911587715149,positive,positive,positive,True,True,False
"Prior to the transaction , whose financial terms have not been disclosed , Alma Media owned 40 % of Kotikokki net .",1,1,1,0.0,0.9525972008705139,neutral,neutral,neutral,True,True,False
"Global Markets Direct 's Pohjola Bank plc - Financial Analysis Review is an in-depth business , financial analysis of Pohjola Bank plc. .",1,1,1,0.0,0.9495319724082947,neutral,neutral,neutral,True,True,False
Orders received grew by 55 % year-on-year to EUR732m .,2,1,2,0.0,0.9581961631774902,positive,neutral,positive,False,True,True
They will be sunk to a depth of some 360-380 metres and fixed to the bottom mud by vacuum .,1,1,1,0.0,0.9403079152107239,neutral,neutral,neutral,True,True,False
"Price talk is in the mid-market swaps plus 105 bps area and the leads are Barclays , BNPP , UBS and CBA .",1,1,1,0.0,0.9258843064308167,neutral,neutral,neutral,True,True,False
The turbines are expected to be launched by the end of 2012 .,1,2,1,0.12800000607967377,0.8503484129905701,neutral,positive,neutral,False,True,True
The EPS improved to EUR0 .38 from EUR0 .27 .,2,2,2,0.4767000079154968,0.9533208012580872,positive,positive,positive,True,True,False
"A total of 16.5 mn passenger ship journeys took place in the northern Baltic Sea in 2007 , slightly down from 16.5 mn in 2006 .",0,1,0,0.0,0.9730550050735474,negative,neutral,negative,False,True,True
Activities range from the development of natural resources to the retailed marketing of finished products .,1,2,1,0.3612000048160553,0.9494116306304932,neutral,positive,neutral,False,True,True
"The business has sales of about ( Euro ) 35 million ( $ 44million ) , and has been responsible for sales and marketing of Lanxess 's paper chemicals business , which Kemira bought for ( Euro ) 88 million early this year ( CW , Jan. 11 , p. 22 ) .",1,2,1,0.3181999921798706,0.9335486888885498,neutral,positive,neutral,False,True,True
"Fiskars is also engaged in the global supply of marine and energy equipment solutions and services through its associated company , Wartsila Corporation .",1,2,1,0.6704999804496765,0.8946895003318787,neutral,positive,neutral,False,True,True
The electricity requirement of networks will grow with the new mobile generation .,1,1,2,0.0,0.8857734799385071,neutral,neutral,positive,True,False,True
"Latin America currently accounts for approximately 40 % of sales at Tecnotree , company president and CEO Eero Mertano recently told BNamericas .",1,1,1,0.0,0.9122546911239624,neutral,neutral,neutral,True,True,False
The Bank is also examining the benefits of transferring the Swedish business to operate as a branch office so that the operations would be governed by Finland 's laws .,1,2,1,0.38179999589920044,0.7570568919181824,neutral,positive,neutral,False,True,True
Relations with the City have been further damaged by comments from Mr Ashley criticising City investors and analysts as `` cry babies '' .,0,0,0,-0.8270999789237976,0.9654967188835144,negative,negative,negative,True,True,False
The contract will take effect in 2009 for a five or ten year period .,1,1,1,0.0,0.9356848001480103,neutral,neutral,neutral,True,True,False
The company expects to open its first online shop in the US in the summer in 2011 .,1,1,1,0.0,0.588951051235199,neutral,neutral,neutral,True,True,False
"The contracts awarded to date , in connection with the system , amount to a total EUR 36 million .",1,2,1,0.4018999934196472,0.7810491323471069,neutral,positive,neutral,False,True,True
The fair value of CapMan Plc 's own investments on 30 September 2008 amounted to MEUR 59.8 .,1,2,1,0.5719000101089478,0.9485753178596497,neutral,positive,neutral,False,True,True
Finnish Cargotec has been awarded a significant order for a total of 292 Hiab loader cranes by BAE Systems in the US .,2,2,2,0.5422999858856201,0.9488463997840881,positive,positive,positive,True,True,False
"Furthermore , the company will sell the warehouse and office buildings in Loudeac and Saint Marcel and lease new joint premises for these operations in Morvillars .",1,1,1,0.0,0.8898168802261353,neutral,neutral,neutral,True,True,False
To be number one means creating added value for stakeholders in everything we do .,1,2,1,0.599399983882904,0.7759836316108704,neutral,positive,neutral,False,True,True
"Mika Stahlberg , VP F-Secure Labs , said , `` We are excited and proud that F-Secure has been recognized by AV-Comparatives as the Product of the Year .",2,2,2,0.6704999804496765,0.9413323402404785,positive,positive,positive,True,True,False
Rivals say Qualcomm has fewer patents on 3G phones than on earlier versions and should lower its rates .,0,0,0,-0.29600000381469727,0.9296079277992249,negative,negative,negative,True,True,False
The main strength of the cooperation project lies in merging the know-how of two large companies .,2,2,2,0.10270000249147415,0.49655598402023315,positive,positive,positive,True,True,False
Net investment income,1,1,1,0.0,0.9395822286605835,neutral,neutral,neutral,True,True,False
"`` We have come out with a decision which is based on our preliminary economic , operational and environmental findings , '' Karvinen said .",1,1,2,0.0,0.5056782364845276,neutral,neutral,positive,True,False,True
L&T also acquired a 50 pct stake in local sector company Salvor Oy at the beginning of September 2007 .,1,1,1,0.0,0.9069191813468933,neutral,neutral,neutral,True,True,False
"AGJ recorded EUR 43 mln sales in 2006 , most of which was generated by exports to customers in Western Europe , the statement said .",1,1,1,0.0,0.9112603664398193,neutral,neutral,neutral,True,True,False
Le Lay succeeds Walter G++nter and will be based in Finland .,1,2,1,0.49390000104904175,0.9514269828796387,neutral,positive,neutral,False,True,True
Marathon estimates the value of its remaining stake in Protalix at $ 27 million .,1,2,1,0.3400000035762787,0.9513107538223267,neutral,positive,neutral,False,True,True
"The total floor area of the plant expansion is 29,000 square metres .",1,1,1,0.0,0.9234638214111328,neutral,neutral,neutral,True,True,False
All reproduction for further distribution is prohibited .,1,1,1,0.0,0.8588792085647583,neutral,neutral,neutral,True,True,False
"The five-storey , eco-efficient building will have a gross floor area of about 15,000 sq m. It will also include apartments .",1,0,1,-0.4767000079154968,0.867777943611145,neutral,negative,neutral,False,True,True
Net sales increased to EUR193 .3 m from EUR179 .9 m and pretax profit rose by 34.2 % to EUR43 .1 m. ( EUR1 = USD1 .4 ),2,2,2,0.6123999953269958,0.9558926224708557,positive,positive,positive,True,True,False
"Finnish real estate company Sponda Oyj said on April 11 , 2008 it would build Vuosaari Harbour Service Center at the Port of Helsinki .",1,1,1,0.0,0.8364322185516357,neutral,neutral,neutral,True,True,False
"Combining the two producers will create a strong EU-based fertilizer industry capable of meeting global competition , they added .",2,2,2,0.7906000018119812,0.9291832447052002,positive,positive,positive,True,True,False
In 2008 Stockmann earned 3.398 million lats in profit on 48.012 million lats in turnover .,1,2,1,0.44040000438690186,0.9062677025794983,neutral,positive,neutral,False,True,True
"The Vuokatti unit will be developed to focus especially on the manufacture of prototypes , the ramp-up of new products and the demanding testing and after-sales services .",1,0,1,-0.22630000114440918,0.8062716126441956,neutral,negative,neutral,False,True,True
Financial terms were n't disclosed .,1,1,1,0.0,0.9336302280426025,neutral,neutral,neutral,True,True,False
"SCOPI Chief Business Excellence Officer , Eng .",1,2,1,0.6248999834060669,0.8815463185310364,neutral,positive,neutral,False,True,True
"According to Gran , the company has no plans to move all production to Russia , although that is where the company is growing .",1,0,1,-0.12800000607967377,0.8857312798500061,neutral,negative,neutral,False,True,True
"In China , Finnish Kone that provides elevators , escalators , and solutions for modernisation and maintenance will build 342 escalators that will be installed in a high-speed railway section between Beijing and Shanghai in a 1.5 years ' time .",2,2,1,0.17790000140666962,0.6068756580352783,positive,positive,neutral,True,False,True
"As a result , the company currently anticipates net sales to increase and the operating result to be positive .",2,2,2,0.7095999717712402,0.9538950324058533,positive,positive,positive,True,True,False
The contract includes heating plant equipment and associated installation work .,1,1,1,0.0,0.9107815027236938,neutral,neutral,neutral,True,True,False
"EBIT excluding non-recurring items , totalled EUR 67.8 mn , up from EUR 38.1 mn .",2,1,2,0.0,0.9525612592697144,positive,neutral,positive,False,True,True
In return the New York-based private equity firm will receive a 51 % stake in the Latvian IT and telecom group .,1,1,1,0.0,0.7913076281547546,neutral,neutral,neutral,True,True,False
"Finnish Bank of +àland reports operating profit of EUR 2.2 mn in the first quarter of 2010 , down from EUR 6.3 mn in the corresponding period in 2009 .",0,2,0,0.44040000438690186,0.9762188792228699,negative,positive,negative,False,True,True
"OTHER  North-Rhine Westphalia - Is to issue a benchmark , 5 year fixed rate deal in Euros .",1,1,1,0.0,0.7782954573631287,neutral,neutral,neutral,True,True,False
Lean System supports change management and component purchasing extremely well .,2,2,2,0.5983999967575073,0.8314645886421204,positive,positive,positive,True,True,False
The deal means that ten persons in three countries will transfer to Tieto .,1,1,1,0.0,0.849169909954071,neutral,neutral,neutral,True,True,False
The Board of Directors was authorized to decide on other terms of the share issue .,1,2,1,0.29600000381469727,0.9474936127662659,neutral,positive,neutral,False,True,True
The sales price was not disclosed .,1,1,1,0.0,0.9477728605270386,neutral,neutral,neutral,True,True,False
"rosendal at outotec.com Eila Paatela , Vice President - Corporate Communications tel. +358 20 529 2004 , +358 400 817198 e-mail eila .",1,1,1,0.0,0.947307825088501,neutral,neutral,neutral,True,True,False
"The Bank of Tokyo-Mitsubishi UFJ , Ltd acted as agent for the loan .",1,1,1,0.0,0.9442819356918335,neutral,neutral,neutral,True,True,False
"In the second quarter of 2010 , the group 's net profit rose to EUR3 .1 m from EUR2 .5 m in April-June 2009 .",2,2,2,0.44040000438690186,0.948625385761261,positive,positive,positive,True,True,False
"In January-September 2007 , operating profit totaled EUR 20.5 mn .",1,2,1,0.44040000438690186,0.8909702897071838,neutral,positive,neutral,False,True,True
GE is building the facility with wind power developer Invenergy Wind LLC .,1,1,1,0.0,0.8796793222427368,neutral,neutral,neutral,True,True,False
"In 2006 , TeliaSonera net sales were SEK 91 bn , EBITDA was SEK 32.266 bn , net income was SEK 19.28 bn .",1,1,1,0.0,0.9424992203712463,neutral,neutral,neutral,True,True,False
"The tanks will be delivered to a company which is currently building a chemical tank farm in Antwerp , northern Belgium .",1,1,1,0.0,0.9171900153160095,neutral,neutral,neutral,True,True,False
"A corresponding increase of 85,432.50 euros in Ahlstrom 's share capital has been entered in the Trade Register today .",1,2,1,0.5422999858856201,0.6065973043441772,neutral,positive,neutral,False,True,True
"The platform is based built on Intel s second-generation MID platform , called Moorestown .",1,1,1,0.0,0.903570830821991,neutral,neutral,neutral,True,True,False
"Outotec , headquartered in Espoo , Finland , is a leading provider of process solutions , technologies and services for the mining and metallurgical industries .",1,2,1,0.17790000140666962,0.8068506121635437,neutral,positive,neutral,False,True,True
"The first phase of the logistics complex envisages the completion of some 70,000 sq m of logistics premises and the gatehouse building in November 2008 .",1,1,1,0.0,0.797761857509613,neutral,neutral,neutral,True,True,False
"While the company did not indicate the level of investment in the unit , it said that has purchased the equipment of Nokia Corporation 's mobile phone R&D laboratory in Jyvaeskylae .",1,1,1,0.0,0.9205432534217834,neutral,neutral,neutral,True,True,False
The bank forecasts Finland 's GDP will grow by 2 % in 2010 and in 2011 .,2,1,2,0.0,0.9480218291282654,positive,neutral,positive,False,True,True
"Creating interfaces that are more similar to interactions in the real world can enable experiences that are more natural and intuitive , in the same way that modern games and movies are more immersive through the use of realistic 3-D graphics .",1,2,1,0.6115000247955322,0.8222192525863647,neutral,positive,neutral,False,True,True
"Both operating profit and net sales for the three-month period increased , respectively from EUR16 .0 m and EUR139m , as compared to the corresponding quarter in 2006 .",2,2,2,0.7505999803543091,0.958268404006958,positive,positive,positive,True,True,False
"The reductions will be implemented immediately , beginning in October 2009 .",1,1,1,0.0,0.823929488658905,neutral,neutral,neutral,True,True,False
"The total value of the project is estimated to be over 3.0 mln euro $ 4.4 mln , of which the services will be over 2.0 mln euro $ 2.9 mln and third-party licences more than 1.0 mln euro $ 1.5 mln .",1,2,1,0.40049999952316284,0.9335436820983887,neutral,positive,neutral,False,True,True
The company will release its 2010 results on 11 February 2011 .,1,1,1,0.0,0.9471240639686584,neutral,neutral,neutral,True,True,False
"Finnish GeoSentric 's net sales decreased to EUR 939,000 in January-March 2009 .",0,1,0,0.0,0.971401572227478,negative,neutral,negative,False,True,True
Raisio is the site of the main production plants as well as company headquarters .,1,2,1,0.27320000529289246,0.9285982251167297,neutral,positive,neutral,False,True,True
"The Costanza light , with an aluminum base and washable shade , comes in white , pistachio , orange , blue and red .",1,1,1,0.0,0.9265879988670349,neutral,neutral,neutral,True,True,False
"With CapMan as a partner , we will be able to further develop our business and continue to focus on providing quality restaurant services for our customers , '' says Christopher Wynne , CEO of Papa John 's Russia .",2,1,2,0.0,0.9264323711395264,positive,neutral,positive,False,True,True
"According to ACNielsen 's ScanTrack study for the period week 10 of 2005 to week 9 of 2006 , Coca-Cola is the market leader in soft drinks in Finland .",2,1,2,0.0,0.909004271030426,positive,neutral,positive,False,True,True
The output of the contracts totals 72 MWe .,1,1,1,0.0,0.940584659576416,neutral,neutral,neutral,True,True,False
"No price was given for the transaction , which merges two London companies that have worked together on a number of projects including delivery of timetables for Britain 's National Express East Coast rail networks .",1,0,1,-0.22630000114440918,0.8757479786872864,neutral,negative,neutral,False,True,True
He joined Rautakirja in 1997 to lead one of its four business areas and took up the position of President and CEO in 2001 .,1,1,1,0.0,0.9199522137641907,neutral,neutral,neutral,True,True,False
Aspo 's net sales in 2006 totaled EUR 225.9 million .,1,1,1,0.0,0.9475537538528442,neutral,neutral,neutral,True,True,False
"Nokia will continue to invest in future development of Qt , and Digia will be responsible for commercial licensing and services business .",1,2,1,0.6248999834060669,0.9023571610450745,neutral,positive,neutral,False,True,True
Finnish Bank of +àland reports its operating profit rose to EUR 21.3 mn in the second quarter of 2009 from EUR 6.1 mn in the corresponding period in 2008 .,2,2,2,0.44040000438690186,0.9499520659446716,positive,positive,positive,True,True,False
"M-real , which is part of Finnish paper maker Metsaliitto Group , is due to release its second-quarter report at around 12:00 EET on 5 August 2010 .",1,1,1,0.0,0.9133206605911255,neutral,neutral,neutral,True,True,False
The aim is an annual improvement in Ruukki Construction 's operating profit of more than EUR 3 million USD 4.1 m starting in 2009 .,2,2,2,0.7095999717712402,0.955659031867981,positive,positive,positive,True,True,False
"By the end of 2006 , the number of joint branch offices will total 170 .",1,2,1,0.07720000296831131,0.9271602034568787,neutral,positive,neutral,False,True,True
Finnish elevators and escalators maker KONE Corporation said on Tuesday ( 18 March ) that it has received a major order from Sir Robert McAlpine to supply all elevators and escalators for the Watermark Place project in the City of London .,2,1,2,0.0,0.9417270421981812,positive,neutral,positive,False,True,True
"Net sales rose by 25.5 % year-on-year to EUR59 .6 m , as the number of chargers delivered went up by 41 % to 65.9 million pieces .",2,2,2,0.07720000296831131,0.9563605189323425,positive,positive,positive,True,True,False
"Operating margin , however , slipped to 14.4 % from 15.1 % , dragged down by a poor performance in enterprise solutions .",0,0,0,-0.38179999589920044,0.9765880107879639,negative,negative,negative,True,True,False
"Both operating profit and net sales for the nine-month period increased , respectively by 26.6 % and 3.4 % , as compared to the corresponding period in 2006 .",2,2,2,0.7505999803543091,0.959672749042511,positive,positive,positive,True,True,False
Finnish food industry company L+ñnnen Tehtaat is planning changes to its fish product business .,1,1,1,0.0,0.9170700907707214,neutral,neutral,neutral,True,True,False
The acquisition price was not disclosed .,1,1,1,0.0,0.952387273311615,neutral,neutral,neutral,True,True,False
All rights reserved .,1,1,1,0.0,0.936129093170166,neutral,neutral,neutral,True,True,False
"According to Kesko , the company agreed with the city administration about lease of the building in 2006 , its resettlement and construction of a five-star hotel Hilton for 120 rooms .",2,2,2,0.27320000529289246,0.6664654016494751,positive,positive,positive,True,True,False
"ADP News - Feb 25 , 2009 - Finnish printed circuit board PCB maker Aspocomp Group Oyj HEL : ACG1V said today it swung to a net profit of EUR 300,000 USD 385,000 for 2008 versus a net loss of EUR 65.3 million",2,2,2,0.15309999883174896,0.9410326480865479,positive,positive,positive,True,True,False
Strong growth has continued also in China .,2,2,2,0.7095999717712402,0.9521748423576355,positive,positive,positive,True,True,False
The iPad application joins the iPhone app as part of Monster 's range of mobile applications for job hunting .,1,1,1,0.0,0.8711808919906616,neutral,neutral,neutral,True,True,False
"Xerox and Stora Enso have teamed up to tailor the iGen3 to the short-run , on-demand packaging market .",2,1,2,0.0,0.8297043442726135,positive,neutral,positive,False,True,True
Elisa has commissioned Finland 's Poyry Telecom Oy to conduct a study of reception in some of Estonia 's largest cities besides Tallinn .,1,1,1,0.0,0.8252353668212891,neutral,neutral,neutral,True,True,False
"That address also happens to house Italian megamart Eataly , meaning that `` Come on , kids , we 're going to the Toy Building ! ''",1,1,1,0.0,0.933830738067627,neutral,neutral,neutral,True,True,False
Pharmaceutical market in Belgium Global Research & Data Services published recently a market analysis about the pharmaceutical markets in Belgium .,1,1,1,0.0,0.9336706399917603,neutral,neutral,neutral,True,True,False
"The equipment Ixonos acquires with this deal includes mechanical engineering hardware ; an RF and antenna measurement laboratory ; facilities for the measurement of audio , cameras and displays ; as well as devices and robot units for the testing of mobile devices .",1,2,1,0.27320000529289246,0.9276230931282043,neutral,positive,neutral,False,True,True
"According to the notification , the holdings of Ameriprice Inc. and its group companies are now in total 808,973 shares , which represent 3.582 % of Tekla -¦ s shares and voting rights .",1,2,1,0.5687999725341797,0.9517787098884583,neutral,positive,neutral,False,True,True
"Amer Sports divests an industrial site in Rumilly , France -  This announcement is distributed by Thomson Reuters on behalf of Thomson Reuters clients .",1,1,1,0.0,0.952194094657898,neutral,neutral,neutral,True,True,False
The number of customers is one of the most important parameters in determining the price of electricity networks .,1,2,1,0.3384000062942505,0.9382357001304626,neutral,positive,neutral,False,True,True
M+ñkel+ñ is demanding a new Board for the company as well as discussions on the merger of Alma media and media company Talentum .,1,2,1,0.051600001752376556,0.9429247975349426,neutral,positive,neutral,False,True,True
"ADPnews - Aug 3 , 2009 - Finnish media group Ilkka-Yhtyma Oyj HEL : ILK2S said today its net profit fell 45 % on the year to EUR 5.9 million USD 8.4 m in the first half of 2009 .",0,2,0,0.44040000438690186,0.9748712182044983,negative,positive,negative,False,True,True
"Repair and maintenance business accounted for net sales of EUR 645.3 mn , up from EUR 563.6 mn .",2,1,2,0.0,0.9546548128128052,positive,neutral,positive,False,True,True
The organization that is a member of the Russian auto sector union MPRA has become active since Tikkurila acquired Russian paint company Kraski Teks in 2006 .,1,2,1,0.4018999934196472,0.9016554951667786,neutral,positive,neutral,False,True,True
"In 2009 , Fiskars ' cash flow from operating activities amounted to EUR121m , up from EUR97m in the previous year .",2,1,2,0.0,0.9535810947418213,positive,neutral,positive,False,True,True
"The Process Products orders are for the installation of separation-filtration equipment at three natural gas pipeline projects in China , South America , and Saudi Arabia .",1,2,1,0.3612000048160553,0.8683774471282959,neutral,positive,neutral,False,True,True
"The launch of the plant in June went well , and it has been producing the advanced fuel for a couple of weeks .",2,2,2,0.4767000079154968,0.8355069756507874,positive,positive,positive,True,True,False
"From 2003 on , the emphasis of Kyro 's strategy has been on Glaston 's growth .",1,2,1,0.38179999589920044,0.851622462272644,neutral,positive,neutral,False,True,True
The company expects its net sales for the whole 2009 to remain below the 2008 level .,0,1,0,0.0,0.9701291918754578,negative,neutral,negative,False,True,True
"SDM offers general rental equipment , aluminium scaffolding , power generator and hoists to customers in the construction sector .",1,1,1,0.0,0.9252410531044006,neutral,neutral,neutral,True,True,False
Cameco typically prices sales contracts using a 40:60 ratio of fixed prices and spot prices .,1,1,1,0.0,0.9428444504737854,neutral,neutral,neutral,True,True,False
"Suominen Corporation estimates that the cost-cutting program that started in autumn 2005 , higher sales prices , and expected growth in volume of Wet Wipes , will make the company 's operations more profitable .",2,2,2,0.6996999979019165,0.9526933431625366,positive,positive,positive,True,True,False
"`` After the share purchase is completed , financing will also be provided to expand Latvia 's broadband infrastructure and to develop new areas of business , including acquisitions of other companies . ''",2,2,2,0.5422999858856201,0.7617391347885132,positive,positive,positive,True,True,False
The insurance division turned a EUR120m profit .,1,2,2,0.44040000438690186,0.9034100770950317,neutral,positive,positive,False,False,False
"The manufacture of CPPs will be undertaken at the existing Export Oriented Unit EOU at Wartsila 's factory at Khopoli , near Mumbai .",1,1,1,0.0,0.8910548686981201,neutral,neutral,neutral,True,True,False
The ISO certification demonstrates that we are moving forward in our quality commitments to our customers . ',2,2,2,0.12800000607967377,0.908924400806427,positive,positive,positive,True,True,False
"The device offers multimedia performance along with a host of productivity applications , including live stock prices .",1,1,1,0.0,0.8432164192199707,neutral,neutral,neutral,True,True,False
The acquisition will have an immediate positive impact on Aspocomp 's financial result .,2,2,2,0.5573999881744385,0.940022885799408,positive,positive,positive,True,True,False
The company reported today an operating loss of EUR0 .1 m on net sales of EUR4 .5 m for the first quarter 2008 .,0,0,0,-0.3181999921798706,0.9595925211906433,negative,negative,negative,True,True,False
And U.S. energy executives say high steel prices are threatening energy exploration .,0,2,0,0.17790000140666962,0.9528493881225586,negative,positive,negative,False,True,True
"The company , which has EUR2 .8 bn in assets , counts among its five largest shareholders Finnish insurers Ilmarinen 4.34 % and Varma 0.70 % , as well as the Finnish state pension fund VER 0.61 % .",1,2,1,0.42149999737739563,0.9413174390792847,neutral,positive,neutral,False,True,True
"Finnish flexible packaging manufacturer Suominen Corporation reports net sales of EUR 54.5 mn in the first quarter of 2008 , compared with EUR 54.3 mn a year earlier .",2,2,2,0.22630000114440918,0.8037344217300415,positive,positive,positive,True,True,False
Their offering also covers localisation services related to production transfer to the Finnish company 's customers that already have production in Asian market or have made the decision to transfer production there .,1,1,1,0.0,0.8966915607452393,neutral,neutral,neutral,True,True,False
"The deal covers Stockmann Auto Oy Ab 's sales and after-sales services concerning Volkswagen and Audi in Helsinki , Espoo and Vantaa .",1,1,1,0.0,0.9375426173210144,neutral,neutral,neutral,True,True,False
"The market making in accordance with the agreement will begin on September 24 , 2009 .",1,2,1,0.49390000104904175,0.9491095542907715,neutral,positive,neutral,False,True,True
No financial details were revealed .,1,0,1,-0.29600000381469727,0.9313795566558838,neutral,negative,neutral,False,True,True
"Barclays Plc ( LSE : BARC ) ( NYSE : BCS ) , Credit Agricole SA ( EPA : ACA ) ( CAGR .",1,2,1,0.38179999589920044,0.9101261496543884,neutral,positive,neutral,False,True,True
"The value of the contract is about EUR1 .0 m. Poyry , headquartered in Vantaa , Finland provides consulting and engineering services to the energy , forestry and infrastructure & environment sectors .",1,2,1,0.5422999858856201,0.9388741850852966,neutral,positive,neutral,False,True,True
"Blyk is launching first in the UK market in mid-2007 , with other markets to follow .",1,1,1,0.0,0.7695245742797852,neutral,neutral,neutral,True,True,False
"( ADP News ) - Oct 29 , 2008 - Finnish lifting equipment maker Konecranes Oyj ( OMX : KCR1V ) said today that its net profit rose to EUR 116.6 million ( USD 149.1 m ) in the first nine months of 2008 from EUR 73.6 million for the s",2,2,2,0.44040000438690186,0.9497696757316589,positive,positive,positive,True,True,False
"Both operating profit and turnover for the six-month period increased , respectively from EUR0 .1 m and EUR29 .0 m , as compared to the corresponding period a year ago .",2,2,2,0.7505999803543091,0.9572929739952087,positive,positive,positive,True,True,False
"HELSINKI (Thomson Financial)- Kemira GrowHow swung into profit in its first quarter earnings on improved sales , especially in its fertilizer business in Europe , which is normally stronger during the first quarter .",2,2,2,0.8224999904632568,0.9558420181274414,positive,positive,positive,True,True,False
The new organization consists of two business units : Charging & Messaging and Finance & Administration .,1,1,1,0.0,0.9512054920196533,neutral,neutral,neutral,True,True,False
Pohjola and cooperative banks have continued to combine their branch office network .,1,1,1,0.0,0.822270929813385,neutral,neutral,neutral,True,True,False
You are warmly welcome !,1,2,2,0.7177000045776367,0.7167433500289917,neutral,positive,positive,False,False,False
"At 12.01 pm , the OMX Helsinki 25 was down 0.66 pct to 3,143.57 and the OMX Helsinki was 0.67 pct lower at 10,530.74 on 253 mln eur turnover .",0,0,0,-0.29600000381469727,0.9707769751548767,negative,negative,negative,True,True,False
The value of the order is USD 2.3 mn .,1,2,1,0.3400000035762787,0.9267585873603821,neutral,positive,neutral,False,True,True
"Nordic banks have already had to write off sizable loans in Latvia , with Swedbank , Nordea , DnB NOR and SEB reporting combined losses in excess of $ 1.35 billion in the period 2007 to 2010 against a backdrop of near economic meltdown in Latvia .",0,0,0,-0.4018999934196472,0.9738994836807251,negative,negative,negative,True,True,False
Elcoteq SE is Europe 's largest contract electronics maker and has set up a unit in Bangalore in association with Avista Advisory of Mumbai .,1,1,1,0.0,0.7457345128059387,neutral,neutral,neutral,True,True,False
"According to Saarioinen 's Managing Director Ilkka M+ñkel+ñ , the food industry sector has a significant excess of production machinery .",1,2,0,0.20229999721050262,0.7088017463684082,neutral,positive,negative,False,False,True
"`` We continued actively to focus R&D and to position our offering away from point solutions towards dynamic end-to-end solutions , '' Ervio stated .",2,2,2,0.7429999709129333,0.9236114621162415,positive,positive,positive,True,True,False
Finnish media group Talentum has issued a profit warning .,0,2,0,0.12800000607967377,0.9647681713104248,negative,positive,negative,False,True,True
"Sales climbed 19.2 pct to 1.002 bln eur , surpassing the 953 mln eur consensus figure .",2,1,2,0.0,0.9516531229019165,positive,neutral,positive,False,True,True
"`` Overall , we 're pleased with the startup curve ... and we 're pleased with the quality of the paper , '' Stora spokeswoman Patricia Dietz said Tuesday .",2,2,2,0.7002999782562256,0.938348650932312,positive,positive,positive,True,True,False
"If Honkarakenne starts production there , it will need a partner for sawmill operations .",1,1,1,0.0,0.8518496155738831,neutral,neutral,neutral,True,True,False
"`` With this agreement , we can continue our good cooperationand at the same time release capital that has been tied up in ourmachinery operation .",2,2,2,0.7684000134468079,0.8834009170532227,positive,positive,positive,True,True,False
"Operating profit totalled EUR 30.2 mn , down from EUR 43.8 mn a year earlier .",0,2,0,0.44040000438690186,0.976323664188385,negative,positive,negative,False,True,True
There did not seem to be enough hours in a day for Pekkarinen .,1,1,1,0.0,0.6865339279174805,neutral,neutral,neutral,True,True,False
"Finnish high technology provider Vaahto Group reports net sales of EUR 41.8 mn in the accounting period September 2007 - February 2008 , an increase of 11.2 % from a year earlier .",2,2,2,0.3181999921798706,0.9544605612754822,positive,positive,positive,True,True,False
Operating profit fell to EUR 6.2 mn from EUR 8.5 mn in the third quarter of 2007 .,0,2,0,0.44040000438690186,0.9764911532402039,negative,positive,negative,False,True,True
"Swedish , Finnish and Danish listed companies are organized in three market cap segments , Nordic Large Cap , Mid Cap and Small Cap .",1,1,1,0.0,0.9502730965614319,neutral,neutral,neutral,True,True,False
"The bond , with a maturity of five years , is part of the bank 's domestic bond program .",1,1,1,0.0,0.9210087060928345,neutral,neutral,neutral,True,True,False
According to Deputy MD Pekka Silvennoinen the aim is double turnover over the next three years .,2,1,2,0.0,0.6922129988670349,positive,neutral,positive,False,True,True
"The orders consist in total of over 1,600 panels of lift-away weatherdeck hatch covers and they will be delivered for container vessels with capacities ranging from 2,000 to 13,300 TEUs .",1,1,1,0.0,0.8961852788925171,neutral,neutral,neutral,True,True,False
"For the fiscal year ending September 30 , 2009 the revenue from these customers was $ 10.012 million or around 11.0 % of the transportation group 's revenue .",1,1,1,0.0,0.9349093437194824,neutral,neutral,neutral,True,True,False
"Dopplr members share personal and business travel plans privately with their networks , and highlight interesting places to stay , eat and explore in cities around the world .",1,2,1,0.7429999709129333,0.9156668186187744,neutral,positive,neutral,False,True,True
"cents The profile contains business operations , the company history , major products and services , prospects , key competitors , structure and key employees , locations and subsidiaries .",1,2,1,0.29600000381469727,0.9530094265937805,neutral,positive,neutral,False,True,True
"Operating result showed a loss of EUR 2.9 mn , while a year before , it showed a profit of EUR 0.6 mn .",0,2,0,0.15309999883174896,0.9654532670974731,negative,positive,negative,False,True,True
"Sales in Latin America increased by 42 % to EUR 432mn , and a total of 8.7 mn mobile devices were sold in the area , representing an increase of 32 % from the corresponding period in 2009 .",2,2,2,0.5267000198364258,0.9538991451263428,positive,positive,positive,True,True,False
"Finnish Scanfil , a systems supplier and contract manufacturer to the communications sector and the electronics industry , reports net sales of EUR 49.6 mn in the first quarter of 2009 , which are only a per cent smaller than in the corresponding period in 2008 .",0,1,0,0.0,0.8924316763877869,negative,neutral,negative,False,True,True
"HELSINKI Thomson Financial - Shares closed little changed , with Cargotec and Huhtamaki dropping sharply on disappointing second-quarter reports .",0,0,0,-0.25,0.9743913412094116,negative,negative,negative,True,True,False
"He does not believe , however , that HKScan or Atria will start to use imported meat as Finnish consumers prefer domestic products .",1,1,1,0.0,0.9021946787834167,neutral,neutral,neutral,True,True,False
"Based on negotiations with personnel , some 20 % have indicated their willingness to move to the new location .",1,2,2,0.27320000529289246,0.6630588173866272,neutral,positive,positive,False,False,False
Honkarakenne Oyj - a world-leading manufacturer of genuine wooden homes - will be sponsoring Finnish crosscountry skier Virpi Kuitunen for the next three years .,1,1,1,0.0,0.8087688684463501,neutral,neutral,neutral,True,True,False
"According to Atria 's President and CEO Matti Tikkakoski , the company 's Swedish operations significantly improved in the first quarter .",2,2,2,0.4767000079154968,0.9615761041641235,positive,positive,positive,True,True,False
"Advertising and circulation revenues grew by 3.4 % and by 0.4 % , respectively .",2,2,2,0.3400000035762787,0.9574837684631348,positive,positive,positive,True,True,False
It is hand-painted resin with real 14-0 trebles and is 75cm long by 25cm deep from top to bottom of the middle hook .,1,2,1,0.20229999721050262,0.9430650472640991,neutral,positive,neutral,False,True,True
"Subscribers of China Unicom , the nation 's second largest mobile phone operator after China Mobile , are expected to release pictures , videos and blog on the Internet via mobile phones as of March 2008 .",1,1,1,0.0,0.9453105330467224,neutral,neutral,neutral,True,True,False
Kaupthing Bank will publish its annual results for 2007 before markets open on Thursday 31 January .,1,1,1,0.0,0.9187427163124084,neutral,neutral,neutral,True,True,False
Finnish office supplies and computer accessories dealer Beltton-Group Plc said its net profit rose to 1.3 mln euro ( $ 1.7 mln ) in 2006 from 1.13 mln euro ( $ 1.5 mln ) in 2005 .,2,2,2,0.44040000438690186,0.9485191106796265,positive,positive,positive,True,True,False
However short-term rentals are becoming more popular .,1,2,1,0.47540000081062317,0.8028063774108887,neutral,positive,neutral,False,True,True
"Fortum needs a clear signal of commitment from the Government that the permit is available before the company will start the next round , Kuula says .",1,2,2,0.636900007724762,0.8227226138114929,neutral,positive,positive,False,False,False
The value of the order is EUR 4mn .,1,2,1,0.3400000035762787,0.9405108094215393,neutral,positive,neutral,False,True,True
"According to Scanfil , demand for telecommunications network products has fluctuated significantly in the third quarter of 2006 , and the situation is expected to remain unstable for the rest of the year .",0,0,0,-0.45879998803138733,0.9611817598342896,negative,negative,negative,True,True,False
The solid fuel is heated before sludge is mixed therein . '',1,2,1,0.15309999883174896,0.9454631805419922,neutral,positive,neutral,False,True,True
"L+ñnnen Tehtaat 's Food Division was reorganised into two strategic business units , Apetit Frozen Foods and Jams , and Apetit Fish .",1,1,1,0.0,0.9379023313522339,neutral,neutral,neutral,True,True,False
The company did not disclose the price of the acquisition .,1,1,1,0.0,0.9506288170814514,neutral,neutral,neutral,True,True,False
Finnish department store chain Stockmann Oyj Abp net profit rose to 39.8 mln euro ( $ 56.8 mln ) for the first nine months of 2007 from 37.4 mln euro ( $ 53.4 mln ) for the same period of 2006 .,2,2,2,0.44040000438690186,0.9525766372680664,positive,positive,positive,True,True,False
The Group 's order portfolio decreased from EUR 42.9 mn in 9-2007 to EUR 33.3 mn in 2-2008 .,0,1,0,0.0,0.9756363034248352,negative,neutral,negative,False,True,True
The credit covers approximately 70 % of the ship 's price .,1,2,1,0.38179999589920044,0.925807535648346,neutral,positive,neutral,False,True,True
"FinancialWire tm is not a press release service , and receives no compensation for its news , opinions or distributions .",1,0,1,-0.29600000381469727,0.9329522848129272,neutral,negative,neutral,False,True,True
"Liquid handling products include electronic and mechanical pipettes , disposable tips as well as pipette maintenance and calibration services for research institutions , healthcare and industrial laboratories .",1,2,1,0.27320000529289246,0.9445341229438782,neutral,positive,neutral,False,True,True
The stock was hit by the profit warning of Finnish rival Rautaruukki Oyj ( OMX : RTRKS ) .,0,2,0,0.12800000607967377,0.9716413021087646,negative,positive,negative,False,True,True
Other potential clients include public administration organizations investing in utility networks and services .,1,1,1,0.0,0.862632155418396,neutral,neutral,neutral,True,True,False
"However , the company saw its net profit for the third quarter down to EUR1 .4 m from EUR1 .5 m for the corresponding period of 2009 .",0,2,0,0.44040000438690186,0.974240243434906,negative,positive,negative,False,True,True
"Kiosk and cinema operations have suffered , in particular .",0,0,0,-0.49390000104904175,0.97111976146698,negative,negative,negative,True,True,False
"Clothing retail chain Sepp+ñl+ñ 's sales increased by 8 % to EUR 155.2 mn , and operating profit rose to EUR 31.1 mn from EUR 17.1 mn in 2004 .",2,2,2,0.6123999953269958,0.9535664319992065,positive,positive,positive,True,True,False
Operating profit fell from EUR 7.9 mn in the second quarter of 2005 to EUR 5.1 mn in the second quarter of 2006 .,0,2,0,0.44040000438690186,0.9759984612464905,negative,positive,negative,False,True,True
"According to Finnish FIM Bank , Alpro 's price would be around EUR 100mn-150mn .",1,1,1,0.0,0.9496486186981201,neutral,neutral,neutral,True,True,False
The contract value amounts to EUR 2.4 million .,1,2,1,0.3400000035762787,0.942470133304596,neutral,positive,neutral,False,True,True
The company will make its marketing and sales investments initiated in 2009 even more efficient in 2010 .,2,2,2,0.47540000081062317,0.8406133055686951,positive,positive,positive,True,True,False
"The second variant offers complete final finishing of any selected apartment with foreign high quality materials ( Finland , Denmark , Germany , France ) .",1,1,1,0.0,0.8981442451477051,neutral,neutral,neutral,True,True,False
"Of this , EUR 38.8 mn was net interest income .",1,2,1,0.45879998803138733,0.9264897704124451,neutral,positive,neutral,False,True,True
"A total of 185 Wonderware Certified SIs are available to integrate and support Wonderware products such as InTouch -« HMI software , IndustrialSQL Server historian , Wonderware Information Server , DT Analyst software or QI Analyst SPC software .",1,2,1,0.4018999934196472,0.9122973680496216,neutral,positive,neutral,False,True,True
Microsoft last week also issued the first patch for the Windows 7 operating system beta it had released days earlier .,1,1,1,0.0,0.7609925270080566,neutral,neutral,neutral,True,True,False
The profit after taxes was EUR 57.7 11.1 million .,1,2,1,0.44040000438690186,0.9333921670913696,neutral,positive,neutral,False,True,True
Also the traditional grapevine carries a lot of weight .,1,1,1,0.0,0.8956457376480103,neutral,neutral,neutral,True,True,False
The planned ethanol and energy production plant can operate in correlation with a waste treatment unit or a paper mill .,1,0,1,-0.17790000140666962,0.9376553297042847,neutral,negative,neutral,False,True,True
"`` We have analyzed Kaupthing Bank Sweden and found a business which fits well into Alandsbanken , '' said Alandsbanken 's chief executive Peter Wiklof in a statement .",2,2,2,0.27320000529289246,0.8214540481567383,positive,positive,positive,True,True,False
"ADP News - Apr 22 , 2009 - Finnish business information systems developer Solteq Oyj HEL : STQ1V said today its net loss widened to EUR 189,000 USD 245,000 for the first quarter of 2009 from EUR 10,000 for the same peri",0,0,2,-0.3181999921798706,0.9336784482002258,negative,negative,positive,True,False,True
The agreement strengthens our long-term partnership with Nokia Siemens Networks .,2,2,2,0.7350999712944031,0.9503067135810852,positive,positive,positive,True,True,False
Sports equipment sales also progressed well owing to the prolonged winter season .,2,2,2,0.27320000529289246,0.954476535320282,positive,positive,positive,True,True,False
Operating profit rose to EUR 26.7 mn from EUR 14.9 mn in the corresponding period in 2006 .,2,2,2,0.44040000438690186,0.9508541226387024,positive,positive,positive,True,True,False
"The contract covers the manufacturing , surface-treatment and installation of the steel structures .",1,1,1,0.0,0.9388770461082458,neutral,neutral,neutral,True,True,False
"Among the Scandinavian companies present in St. Petersburg , is also named the Swedish concern NCC , which implements projects in the field of asphalt production , road and housing construction ( project Swedish Krona ) .",1,1,1,0.0,0.942812979221344,neutral,neutral,neutral,True,True,False
"However , the offering will probably not be made at the current valuation , which partly derives from the deal in which the company was merged into a stock market shell .",1,1,1,0.0,0.9530072212219238,neutral,neutral,neutral,True,True,False
"Target company : Tieto Corporation , Business Identity Code : 0101138-5 Date of change in holding : 22 January 2010 Portion of the shares and votes : The current group holding of OP-Pohjola Group Central Cooperative ( OPK ) is 2982 587 shares , which represents 4.14 % of the shares and voting rights .",1,2,1,0.6808000206947327,0.9565519094467163,neutral,positive,neutral,False,True,True
"Cencorp estimates that its net sales in the last quarter will be as earlier stated , EUR4 .3 m to EUR5 .0 m , and operating profit (EBIT)is estimated to be positive .",2,2,2,0.7578999996185303,0.9216467142105103,positive,positive,positive,True,True,False
The invention carries International Patent Publication No. .,1,1,1,0.0,0.9431461691856384,neutral,neutral,neutral,True,True,False
Sales increased due to growing market rates and increased operations .,2,2,2,0.599399983882904,0.9581224322319031,positive,positive,positive,True,True,False
"It holds 38 percent of Outokumpu 's shares and voting rights , but in 2001 lawmakers gave it permission to reduce the stake to 10 percent .",1,2,1,0.15309999883174896,0.6283162832260132,neutral,positive,neutral,False,True,True
"Via the takeover , Panostaja further expands its business area specialising in digital printing , which since previously consists of the subsidiaries Kopijyva Oy and Sokonet Oy .",2,2,2,0.10270000249147415,0.885652482509613,positive,positive,positive,True,True,False
Peigs www.peigs.se will become part of Sardus Latta Maltider Light Meals unit .,1,1,1,0.0,0.9498335719108582,neutral,neutral,neutral,True,True,False
"At the close , the OMX Helsinki 25 was 0.01 pct lower at 3,067.64 points and the OMX Helsinki was down 0.05 pct at 10,321.46 points on over 1.343 bln eur of turnover .",0,0,0,-0.29600000381469727,0.970618486404419,negative,negative,negative,True,True,False
"`` The change will optimize the operational efficiencies of our growing business , '' said Julia Prohaska , director of marketing communications for Fiskars .",2,2,2,0.7578999996185303,0.8797692656517029,positive,positive,positive,True,True,False
Profit for the period fell to EUR 1.6 mn from EUR 7.5 mn in January-September 2008 .,0,2,0,0.44040000438690186,0.9766150712966919,negative,positive,negative,False,True,True
"Fiskars , a 360-year-old global business best known for its orange-handled scissors , expects to derive synergies of EUR5 million a year by consolidating certain parts of the housewares division where the two compete .",2,2,2,0.7429999709129333,0.6864572763442993,positive,positive,positive,True,True,False
"Before FKI , John Jiang has worked in several general manager or senior business consultant positions for international companies in China .",1,1,1,0.0,0.9401483535766602,neutral,neutral,neutral,True,True,False
"The original name Componenta +àm+Ñl , as a subsidiary of the Finnish Componenta Group , has been changed to +àm+Ñl Components and the company has seen a 63 % growth in Q1 2010 , in comparison to Q1 2009 .",2,2,2,0.599399983882904,0.941333532333374,positive,positive,positive,True,True,False
"The NTSB said investigators are set to conduct sight distance tests on July 18 , using trains similar to those involved in the accident .",1,0,1,-0.4767000079154968,0.9319594502449036,neutral,negative,neutral,False,True,True
"In the building and home improvement trade , sales decreased by 6.3 % , totalling EUR 154.1 mn .",0,2,0,0.45879998803138733,0.9750916361808777,negative,positive,negative,False,True,True
"The fourth quarter saw Rapala swing back to a pretax profit of 1.5 mln eur from a year earlier loss of 1.2 mln on the back of a 30 pct uplift in sales to 44.8 mln eur , and a stronger performance in North America .",2,2,2,0.49390000104904175,0.9499357342720032,positive,positive,positive,True,True,False
"The inventors are Bylander Johan , Ponten Fredrik and Lundberg Jorgen .",1,1,1,0.0,0.9453517198562622,neutral,neutral,neutral,True,True,False
The business to be divested generates consolidated net sales of EUR 60 million annually and currently has some 640 employees .,1,1,1,0.0,0.9334280490875244,neutral,neutral,neutral,True,True,False
Valga Lihatoostus markets its products under the Maks & Moorits trademark .,1,1,1,0.0,0.9522080421447754,neutral,neutral,neutral,True,True,False
"In July-September 2009 , Konecranes ' sales decreased to EUR 368.7 mn from EUR 520.4 mn in July-September 2008 .",0,1,0,0.0,0.9751690626144409,negative,neutral,negative,False,True,True
"The fair value of the investment properties totaled EUR 2,534.9 mn , up from EUR 2,455.1 mn in 2006 .",2,2,2,0.5719000101089478,0.9531696438789368,positive,positive,positive,True,True,False
"The 50-50 joint venture , to be called Nokia Siemens Networks , will be comprised of Nokia 's network business group and Siemens ' carrier-related operations , creating estimated synergies of 1.5 billion euros ( $ 1.9 billion ) by 2010 , Nokia said .",2,2,2,0.29600000381469727,0.6674802899360657,positive,positive,positive,True,True,False
We are now taking Marimekko there on a distinctly more significant scale .,1,2,1,0.27160000801086426,0.8944735527038574,neutral,positive,neutral,False,True,True
EUR 152.4 mn of this was net interest income .,1,2,1,0.45879998803138733,0.9435124397277832,neutral,positive,neutral,False,True,True
"Aldata Solution , a global company engaged in supplier to consumer business process optimization , has announced the details of its Dollars for Dinosaurs program .",1,2,1,0.7649999856948853,0.6423870921134949,neutral,positive,neutral,False,True,True
"26 October 2010 - Finnish environmental management company Lassila & Tikanoja Oyj ( HEL : LAT1V ) , or L&T , said today its net profit declined to EUR20 .9 m for the first nine months of 2010 from EUR27 .6 m for the same period a year earlier .",0,2,0,0.44040000438690186,0.9759973883628845,negative,positive,negative,False,True,True
"Both operating profit and sales for the three-month period increased , respectively from EUR0 .3 m and EUR13 .1 m , as compared to the corresponding period in 2005 .",2,2,2,0.7505999803543091,0.9585778713226318,positive,positive,positive,True,True,False
"Ahlstrom 's 5,700 employees serve customers via sales offices and production facilities in more than 20 countries on six continents .",1,1,1,0.0,0.9204288125038147,neutral,neutral,neutral,True,True,False
"Cargotec 's sales totalled EUR 3.4 billion in 2008 and it employs approximately 10,500 people .",1,1,1,0.0,0.9409558176994324,neutral,neutral,neutral,True,True,False
Pharmaceuticals group Orion Corp reported a fall in its third-quarter earnings that were hit by larger expenditures on R&D and marketing .,0,1,0,0.0,0.975307285785675,negative,neutral,negative,False,True,True
This new partnership agreement represents a significant milestone for both parties .,2,2,2,0.7717000246047974,0.9293785691261292,positive,positive,positive,True,True,False
"The train is expected to cross the Russian territory in 9 days , reaching the Vostochny port .",1,2,1,0.20229999721050262,0.6978895664215088,neutral,positive,neutral,False,True,True
"Earnings per share for January-June 2010 were EUR0 .30 , an increase of 20 % year-on-year EUR0 .25 .",2,2,2,0.5422999858856201,0.9564048647880554,positive,positive,positive,True,True,False
"`` Lining stone sales were also good in the early autumn , and order books are strong to the end of the year .",2,2,2,0.7350999712944031,0.9546849727630615,positive,positive,positive,True,True,False
"The chain posted sales of 298 million euros for full 2005 , a rise of 19.5 percent , year-on-year .",2,1,2,0.0,0.9524670839309692,positive,neutral,positive,False,True,True
"The order includes a new Crecent former , headbox , and reel .",1,1,1,0.0,0.8569991588592529,neutral,neutral,neutral,True,True,False
"Cramo , headquartered in Vantaa , Finland , rents construction machinery and equipment , as well as rents and sells modular space .",1,2,1,0.27320000529289246,0.9465647339820862,neutral,positive,neutral,False,True,True
"Enclosed is Affecto 's call for Extraordinary General Meeting to be held on July 10th where the main agenda is to approve the authorization to the Board for the proposed share issue related to the Component Software acquisition , and to elect Haakon Skaarer to the Affecto board .",1,2,1,0.29600000381469727,0.9301583766937256,neutral,positive,neutral,False,True,True
Net sales decreased to EUR 220.5 mn from EUR 470.0 mn in the corresponding period in 2009 .,0,1,0,0.0,0.975369393825531,negative,neutral,negative,False,True,True
More staff has been recruited in Japan to further complement its network of close to 50 service locations in more than 20 countries worldwide .,2,1,2,0.0,0.9128243327140808,positive,neutral,positive,False,True,True
Yvonne Jones is owner of Chameleon Interiors .,1,1,1,0.0,0.9247180819511414,neutral,neutral,neutral,True,True,False
"Profit for the period was EUR 9.8 mn , up from EUR 6.0 mn in 2004 .",2,2,2,0.44040000438690186,0.9554272294044495,positive,positive,positive,True,True,False
"As with other stakeholders , COMPTEL has been involved in the workshops , meetings and filed comments on the issues of greatest importance to the competitive sector of our industry .",1,2,1,0.8126000165939331,0.8266351222991943,neutral,positive,neutral,False,True,True
The fixed acquisition price amounts to NOK 70 ( approximately EUR 8.7 ) million and additional price NOK 15 ( EUR 1.8 ) million at maximum .,1,1,1,0.0,0.9257578253746033,neutral,neutral,neutral,True,True,False
"According to CEO Matti Perkonoja of the parent company HKScan , the company 's performance in the first quarter of 2010 has remained clearly below the level of the corresponding period in 2009 .",0,2,0,0.4018999934196472,0.9723556041717529,negative,positive,negative,False,True,True
Satama 's net sales would be higher than the year before .,2,1,2,0.0,0.9529557228088379,positive,neutral,positive,False,True,True
"Belarus OAO Lidskoe Pivo brewery , based in the Grodno Region , reported a 1.1 % decrease in output to 1.045 million decaliters in January-March 2010 , a representative in the administration of the company told .",0,1,0,0.0,0.9745877385139465,negative,neutral,negative,False,True,True
"Trading code : ELI1V Number of shares : 99,483 Price-share : Gratuitous After the transfer , Elisa holds a total of 10,435,023 own shares .",1,2,1,0.5719000101089478,0.9466511607170105,neutral,positive,neutral,False,True,True
"At the same time profit of the company increased by 10 % in H1 and reached Ls 79,000 .",2,2,2,0.6596999764442444,0.9566065073013306,positive,positive,positive,True,True,False
The reductions will be implemented mainly in the course of the first half of 2009 .,1,1,1,0.0,0.8226528763771057,neutral,neutral,neutral,True,True,False
"One price category is for calls on the preferred operator 's network , and another for calls on other operators ' networks .",1,1,1,0.0,0.9511740207672119,neutral,neutral,neutral,True,True,False
"Net sales in 2010 were about EUR 2.0 billion , of which international operations accounted for roughly a quarter .",1,1,1,0.0,0.9383710026741028,neutral,neutral,neutral,True,True,False
"At the same time , the market for automated liquid handling devices is already larger than that for pipettes , according to Biohit .",1,1,1,0.0,0.5976346731185913,neutral,neutral,neutral,True,True,False
KONE is listed on the Nordic Exchange in Helsinki .,1,1,1,0.0,0.951561450958252,neutral,neutral,neutral,True,True,False
"In 2009 , Stora Enso 's net loss was EUR 879.7 million compared to EUR 673.4 million in the previous year .",0,0,0,-0.3181999921798706,0.9624394774436951,negative,negative,negative,True,True,False
"YIT CORPORATION SEPT. 24 , 2007 at 13:30 CORPORATE RELEASE STOCK EXCHANGE RELEASE YIT 'S CAPITAL MARKETS DAY IN LONDON , SEPT. 26 , 2007 On Wednesday , September 26 , 2007 , YIT will hold a Capital Markets Day for investors and analysts in London .",1,1,1,0.0,0.9516749382019043,neutral,neutral,neutral,True,True,False
"The podcast , sees Harple provide the low-down on GyPSii 's platform , which takes someone 's location and demographic information to produce a contextual index of the world around them .",1,1,1,0.0,0.9328405857086182,neutral,neutral,neutral,True,True,False
Around 250 of these reductions will be implemented through pension arrangements .,1,1,1,0.0,0.8536845445632935,neutral,neutral,neutral,True,True,False
"The devices would be launched in the Chinese market in late 2006 , the company said .",1,2,1,0.12800000607967377,0.8983525633811951,neutral,positive,neutral,False,True,True
The total project duration is three years and it is valued at some EUR11 .5 m.,1,2,1,0.44040000438690186,0.9367528557777405,neutral,positive,neutral,False,True,True
The value of the deal was not disclosed .,1,2,1,0.3400000035762787,0.952373206615448,neutral,positive,neutral,False,True,True
"When completed , the 120-meter Watchtower will be the highest building in Ireland .",1,1,1,0.0,0.5907604098320007,neutral,neutral,neutral,True,True,False
Eriikka S+Âderstr+Âm has previously held several positions in finance and control at Nokia Networks including acting as the Business Group Controller and having the corporate controller position at Nokia Siemens Networks .,1,1,1,0.0,0.9488793611526489,neutral,neutral,neutral,True,True,False
"Huhtamaki 's rigid plastic consumer goods operations , which are mainly in Europe , will be separated into a new reporting segment as of 1 January 2009 .",1,0,1,-0.12800000607967377,0.9508117437362671,neutral,negative,neutral,False,True,True
"These financing arrangements will enable the company to ensure , in line with its treasury policy , that it has sufficient financial instruments at its disposal for its potential capital requirements .",2,2,2,0.5267000198364258,0.8792998194694519,positive,positive,positive,True,True,False
"Both operating profit and net sales for the 12-month period increased , respectively from EUR10 .5 m and EUR28 .8 m , as compared to the financial year 2004 .",2,2,2,0.7505999803543091,0.9577293992042542,positive,positive,positive,True,True,False
"Satama 's net profit for the third quarter of 2007 rose to 275,000 euro ( $ 395,000 ) from 270,000 euro ( $ 388,000 ) for the same period of 2006 .",2,2,2,0.44040000438690186,0.9527982473373413,positive,positive,positive,True,True,False
Rental of building equipment accounted for 88 percent of the operating income .,1,1,1,0.0,0.9331250190734863,neutral,neutral,neutral,True,True,False
Aspo 's Group structure and business operations are continually developed without any predefined schedules .,1,1,1,0.0,0.8423438668251038,neutral,neutral,neutral,True,True,False
Capital base and capital adequacy measurement is based on approaches under Basel II .,1,1,1,0.0,0.9441676139831543,neutral,neutral,neutral,True,True,False
"France T+®l+®com spent more time studying TeliaSonera than other potential takeover targets because it has a shareholder that wants to sell , Pellissier said .",1,1,1,0.0,0.8745331764221191,neutral,neutral,neutral,True,True,False
Latvia 's Stockmann shopping mall is a subsidiary of Finland 's Stockmann Plc. .,1,1,1,0.0,0.9550114870071411,neutral,neutral,neutral,True,True,False
"The company said that 80 % of the shares of the holding company will be sold to Meadville Holdings Limited , a Hong Kong listed parent company of the Meadville Group .",1,2,1,0.07720000296831131,0.9498808979988098,neutral,positive,neutral,False,True,True
"The company will pay a dividend of EUR 0.50 per share , a total of EUR 14mn .",1,2,1,0.20229999721050262,0.944750189781189,neutral,positive,neutral,False,True,True
"`` The enterprise value of the Fray Bentos pulp mill and Forestal Oriental totals approximately euro1 .6 billion , '' UPM said .",1,2,1,0.3400000035762787,0.9184719324111938,neutral,positive,neutral,False,True,True
"The planned facility , estimated to cost around $ 814 million , would be the largest biodiesel plant in the world , and use palm oil certified by the Roundtable on Sustainable Palm Oil ( RSPO ) .",2,1,1,0.0,0.6242290139198303,positive,neutral,neutral,False,False,False
"The 3C Expo is a signature show in Dongguan , which is supported by the Dongguan Municipal Government every year , featuring computer accessories , software , communication and network products .",1,2,1,0.3181999921798706,0.9011240601539612,neutral,positive,neutral,False,True,True
Operating profit for 2009 lower than outlook published earlier .,0,2,0,0.17790000140666962,0.9726669788360596,negative,positive,negative,False,True,True
Underground parking facilities will also be built on the basement floor .,1,1,1,0.0,0.8739480376243591,neutral,neutral,neutral,True,True,False
"The flagship will open this fall in Manhattan 's Flatiron District in the `` Toy Building , '' at 200 Fifth Avenue .",1,2,1,0.10270000249147415,0.9318625330924988,neutral,positive,neutral,False,True,True
It is the first application in the market for invoice and purchase requisition approval with a mobile device .,1,2,1,0.4767000079154968,0.8431235551834106,neutral,positive,neutral,False,True,True
"Fiskars has a strong portfolio of international brands , which include Fiskars , Iittala , Gerber , Silva and Buster .",2,2,1,0.5105999708175659,0.6002557277679443,positive,positive,neutral,True,False,True
Finnish Honkarakenne that specialises in the building of log houses is planning to use pine from Russian Karelia .,1,1,1,0.0,0.9132629632949829,neutral,neutral,neutral,True,True,False
"After the takeover , Cramo will become the second largest rental services provider in the Latvian market .",2,1,2,0.0,0.6822666525840759,positive,neutral,positive,False,True,True
"Strongest growth was seen in the new markets in Russia , the Czech Republic , and Slovakia .",2,2,2,0.6704999804496765,0.9545786380767822,positive,positive,positive,True,True,False
"Operating profit totaled EUR 3.8 mn , down from EUR 4.5 mn in the corresponding period in 2005 .",0,2,0,0.44040000438690186,0.9768009185791016,negative,positive,negative,False,True,True
Her work at NetApp included strategically repositioning the brand in the category and a major global relaunch .,1,1,1,0.0,0.7847200036048889,neutral,neutral,neutral,True,True,False
Its market share is 6 percent according to AC Nielsen 's 2008 data .,1,2,1,0.29600000381469727,0.841852068901062,neutral,positive,neutral,False,True,True
Commission income rose by 25.7 % to EUR 16.1 mn from EUR 12.8 mn in 2004 .,2,1,2,0.0,0.9529046416282654,positive,neutral,positive,False,True,True
"Los Angeles-based Pacific Office Properties Trust acquires , owns , and operates office properties in the western U.S. , focusing initially on the markets of Honolulu , San Diego , Los Angeles , and Phoenix .",1,2,1,0.5105999708175659,0.936679482460022,neutral,positive,neutral,False,True,True
"MD Henning Bahr of Stockmann Gruppen praises the trend , since the chains become stronger and their decision-making processes more clear .",2,2,2,0.8356999754905701,0.9255019426345825,positive,positive,positive,True,True,False
"Bilfinger investors cheered the agreement , pushing shares up 7 % , or & euro ; 3.30 , to & euro ; 50.29 , in afternoon trade .",2,2,2,0.8270999789237976,0.9503867626190186,positive,positive,positive,True,True,False
"ALEXANDRIA , Va. , March 15 -- Jaakko Vilo of Turku , Finland , has developed a panel press .",1,1,1,0.0,0.9171758890151978,neutral,neutral,neutral,True,True,False
"ADPnews - Jul 17 , 2009 - Finland-based steel maker Rautaruukki Oyj Ruukki HEL : RTRKS said today it slipped to a net loss of EUR 184 million USD 259.7 m for the first half of 2009 from a net profit of EUR 2",0,2,0,0.15309999883174896,0.9749993681907654,negative,positive,negative,False,True,True
The company aims to maintain this trend in profitability during the current year .,2,2,2,0.27320000529289246,0.9517280459403992,positive,positive,positive,True,True,False
"She will succeed Krister Kylas , who has decided to leave TeliaSonera .",1,2,1,0.45879998803138733,0.8444449305534363,neutral,positive,neutral,False,True,True
"Digia said its consolidated net sales for January-June 2010 were EUR67 .8 m , up 9.7 % on the same period in 2009 ( EUR61 .9 m ) .",2,1,2,0.0,0.9580204486846924,positive,neutral,positive,False,True,True
"Operating profit totalled EUR 0.4 mn , up from an operating loss of EUR 0.8 mn year-on-year .",2,2,2,0.15309999883174896,0.9556930065155029,positive,positive,positive,True,True,False
"industry in Asia +ó Pakistan , Malaysia , Taiwan and Philippines Today , Global Research & Data Services is going to publish several market analyses about the cement markets in Asia .",1,1,1,0.0,0.936981201171875,neutral,neutral,neutral,True,True,False
The first group of customers to be trained will be paint-shop owners and their assistants .,1,1,1,0.0,0.9242910742759705,neutral,neutral,neutral,True,True,False
"Key shareholders of Finnish IT services provider TietoEnator Oyj on Friday rejected a hostile EUR1 .08 billion $ 1.67 billion offer from buyout shop Nordic Capital , giving new life to a possible counter offer from Blackstone Group LP and Norwegian telecom Telenor ASA .",2,0,2,-0.5422999858856201,0.7859941720962524,positive,negative,positive,False,True,True
"Outotec said it won new orders worth 492.9 mln eur during the quarter , compared with 240.4 mln eur a year earlier .",2,2,2,0.6808000206947327,0.928520917892456,positive,positive,positive,True,True,False
"Profit for the period was EUR 5.9 mn , up from EUR 1.3 mn .",2,2,2,0.44040000438690186,0.9558490514755249,positive,positive,positive,True,True,False
"Its annual capacity is some 10,000 MW .",1,1,1,0.0,0.929190993309021,neutral,neutral,neutral,True,True,False
"Operating profit was EUR 139.7 mn , up 23 % from EUR 113.8 mn .",2,2,2,0.44040000438690186,0.9558320045471191,positive,positive,positive,True,True,False
He confirmed his view on July 6 .,1,1,1,0.0,0.904148280620575,neutral,neutral,neutral,True,True,False
Finnish KCI Konecranes has raised its net sales growth estimate for 2006 from over 25 % to over 35 % .,2,2,2,0.38179999589920044,0.9540956020355225,positive,positive,positive,True,True,False
Operating profit was EUR 1.6 mn in 2005 compared to EUR 5.9 mn in 2004 .,0,2,0,0.44040000438690186,0.8576666116714478,negative,positive,negative,False,True,True
"Since the registration of the shares subscribed in a directed share issue , the new number of Panostaja shares and voting rights is 41,733,110 .",1,2,1,0.7095999717712402,0.9454675912857056,neutral,positive,neutral,False,True,True
Filmiteollisuus Fine Ab will be transferred to Talentum Oyj in the form of a subsidiary .,1,2,1,0.20229999721050262,0.9553560614585876,neutral,positive,neutral,False,True,True
Scanfil holdings include 100 % of contract electronics manufacturer Scanfil EMS Group .,1,1,1,0.0,0.9518018960952759,neutral,neutral,neutral,True,True,False
The Swedish subsidiary holds 1.0 % net smelter return `` NSR '' royalties over two advanced copper projects in northern Sweden - the Viscaria and Adak Projects - being developed by Avalon Minerals Ltd. ASX : AVI .,1,2,1,0.25,0.9230673313140869,neutral,positive,neutral,False,True,True
"Incap Contract Manufacturing will carry out the manufacturing for these agreements at its factory in Tumkur , near Bangalore .",1,2,1,0.27320000529289246,0.92036372423172,neutral,positive,neutral,False,True,True
It will focus on improving its profitability next year by streamlining operations .,2,2,2,0.599399983882904,0.9492861032485962,positive,positive,positive,True,True,False
"PCS Digital Guatemala has been using Tecnomen 's prepaid system in Telgua fixed networks as well as code division multiple access , or CDMA , and global system for mobile communication , or GSM , since 2003 .",1,2,1,0.27320000529289246,0.9101369976997375,neutral,positive,neutral,False,True,True
An audio webcast will be available live and archived on Cerner 's Web site at www.cerner.com .,1,1,1,0.0,0.9508965611457825,neutral,neutral,neutral,True,True,False
COPYRIGHT AFX News and AFX Financial News Logo are registered trademarks of AFX News Limited,1,0,1,-0.22630000114440918,0.926708996295929,neutral,negative,neutral,False,True,True
"The EBRD is using its own funds to provide a 21.6 mln A loan while the B portion of 10 mln Euros has been syndicated to two Finnish commercial banks , Nordea Bank Finland Plc 7.7 mln Euros and Pohjola Bank Plc 2.3 mln Euros .",1,1,1,0.0,0.8890740871429443,neutral,neutral,neutral,True,True,False
"`` In terms of profitability and earnings 2007 was the best year in our history , '' Chief Executive Veli-Matti Mattila said .",2,2,2,0.7429999709129333,0.9543604850769043,positive,positive,positive,True,True,False
"Foundries division reports its sales increased by 9.7 % to EUR 63.1 mn from EUR 57.5 mn in the corresponding period in 2006 , and sales of the Machine Shop division increased by 16.4 % to EUR 41.2 mn from EUR 35.4 mn in the corresponding period in 2006 .",2,2,2,0.49390000104904175,0.9518005847930908,positive,positive,positive,True,True,False
"Alma Media holds 70 % of this company , the remaining shares being owned by the company 's key employees .",1,2,1,0.29600000381469727,0.9565230011940002,neutral,positive,neutral,False,True,True
"Copper , lead and nickel also dropped ... HBOS ( HBOS ) plummeted 20 % to 70.3 pence after saying this year+ó ??",0,1,0,0.0,0.9700416922569275,negative,neutral,negative,False,True,True
"ADP News - Nov 13 , 2008 - Finnish printed circuit board PCB maker Aspocomp Group Oyj OMX : ACG1V said today that its net loss narrowed to EUR 2 million USD 2.5 m in the first nine months of 2008 from EUR 57",2,0,2,-0.3181999921798706,0.9393066763877869,positive,negative,positive,False,True,True
A few employees would remain at the Oulu plant in support functions for other group units .,1,2,1,0.4018999934196472,0.6281907558441162,neutral,positive,neutral,False,True,True
South African Sappi will become the largest foreign forest industry company operating in Finland as a result of the acquisition Finnish M-real Corporation 's Graphic Papers Business unit .,2,1,2,0.0,0.7792235016822815,positive,neutral,positive,False,True,True
Aldata to Share Space Optimization Vision at Apollo User Group and 2009 Category Management Association Conferences ; Company Will Unveil New Solution that Combines Business Intelligence with Space Planning Data at Conferences,1,2,2,0.8806999921798706,0.7230040431022644,neutral,positive,positive,False,False,False
"Again , the most significant sales increase of 18.6 % was in Russia .",2,2,2,0.5656999945640564,0.9068472385406494,positive,positive,positive,True,True,False
Each share is entitled to one vote .,1,2,1,0.5105999708175659,0.946261465549469,neutral,positive,neutral,False,True,True
"The 10,000-odd square metre plot that Stockmann has bought for the Nevsky Center shopping center is located on Nevsky Prospect , St Petersburg 's high street , next to the Vosstaniya Square underground station , in the immediate vicinity of Moscow Station .",1,2,1,0.29600000381469727,0.9419693350791931,neutral,positive,neutral,False,True,True
"Finnish pharmaceuticals company Orion reports profit before taxes of EUR 70.0 mn in the third quarter of 2010 , up from EUR 54.9 mn in the corresponding period in 2009 .",2,2,2,0.44040000438690186,0.9520341157913208,positive,positive,positive,True,True,False
"BasWare Invoice Processing , BasWare Contract Matching , BasWare Order Matching and BasWare KPI Reporting Tool are part of the BasWare 's Enterprise Purchase to Pay product suite .",1,0,1,-0.10270000249147415,0.9416488409042358,neutral,negative,neutral,False,True,True
"The mill will have capacity to produce 500,000 tonnes of pulp per year .",1,1,1,0.0,0.8416661024093628,neutral,neutral,neutral,True,True,False
Rautaruukki aims to find work from the group 's other locations for those who have been made redundant .,1,1,0,0.0,0.5370362997055054,neutral,neutral,negative,True,False,True
Market data and analytics are derived from primary and secondary research .,1,1,1,0.0,0.9500176310539246,neutral,neutral,neutral,True,True,False
"Operating loss totalled EUR 5.2 mn , compared to a loss of EUR 3.4 mn in the corresponding period in 2008-2009 .",0,0,0,-0.5573999881744385,0.9755333065986633,negative,negative,negative,True,True,False
"ALEXANDRIA , Va. , Nov. 19 -- Erkki Aho , Elimaki , Finland , has developed a method and apparatus in conjunction with a shoe press .",1,1,1,0.0,0.9102771282196045,neutral,neutral,neutral,True,True,False
Why put up costly cell phone towers in thinly populated areas when a few balloons would do ?,1,0,1,-0.10270000249147415,0.8482109904289246,neutral,negative,neutral,False,True,True
The EUR 0.7 million non-recurring expenses have been recorded for the third quarter .,1,1,0,0.0,0.5354897379875183,neutral,neutral,negative,True,False,True
OP-Pohjola Group 's capital adequacy ratio under the Act on Credit Institutions stood at 12.1 % and Tier 1 ratio at 12.1 % .,1,2,1,0.38179999589920044,0.9299545884132385,neutral,positive,neutral,False,True,True
"Glaston 's own glass processing unit , Tamglass Glass Processing , is a manufacturer of high quality safety glass products , and operates in Finland .",1,2,1,0.42149999737739563,0.9217392802238464,neutral,positive,neutral,False,True,True
"Incap Contract Manufacturing Services Pvt Ltd , a subsidiary of Incap Corporation of Finland , plans to double its revenues by 2007-2008 .",2,1,2,0.0,0.9508934617042542,positive,neutral,positive,False,True,True
Sunrise Resources operates in Russian near-shore development markets through its wholly-owned Russian subsidiary and has 80 % of its personnel in Russia .,1,1,1,0.0,0.9323840737342834,neutral,neutral,neutral,True,True,False
The net sales of the Power Plants business were EUR 710.3 million in 2005 .,1,1,1,0.0,0.9461615681648254,neutral,neutral,neutral,True,True,False
The solution will be installed in the USA to support the North American operations of the customer .,1,2,2,0.6123999953269958,0.5018225312232971,neutral,positive,positive,False,False,False
"Cencorp would focus on the development , manufacture and marketing of standard products for production automation .",1,1,1,0.0,0.91433185338974,neutral,neutral,neutral,True,True,False
"Dealers said the share was largely hit by investor disappointment about a refining margin of just 9.48 usd per barrel for the quarter and the performance of its shipping unit , which saw EBIT drop to 5 mln eur from 20 mln eur a year amid a fall in volumes and tanker rates .",0,0,0,-0.49390000104904175,0.9760549068450928,negative,negative,negative,True,True,False
The company also equipped the sculptural complex Rabochy i Kolkhoznitsa A Worker and a Collective Farmer in Moscow with snow melting system .,1,1,1,0.0,0.6231188774108887,neutral,neutral,neutral,True,True,False
The company is also featured in the Ethibel Pioneer Investment Register and included in Innovest 's Global 100 list of the world 's most sustainable corporations .,2,1,2,0.0,0.7241746187210083,positive,neutral,positive,False,True,True
"Finnish shipping company Finnlines , of the Grimaldi Group , reports its net sales decreased to EUR 241.8 mn in January-June 2009 from EUR 384.0 mn in the corresponding period in 2008 .",0,1,0,0.0,0.9759185910224915,negative,neutral,negative,False,True,True
"Westpac Banking Corp - Is to issue a benchmark , 3 year FRN deal in Euros .",1,1,1,0.0,0.7133004665374756,neutral,neutral,neutral,True,True,False
All are welcome .,1,2,1,0.45879998803138733,0.7893409729003906,neutral,positive,neutral,False,True,True
The second-quarter net sales are expected to be on par with the first quarter of 2009 .,1,1,2,0.0,0.6016669869422913,neutral,neutral,positive,True,False,True
"The outsourced Scan and Capture solutions transfer paper invoices into electronic format , and Basware Business Transactions Service allows the customer to receive and send invoices in an electronic format .",1,2,1,0.17790000140666962,0.9487667083740234,neutral,positive,neutral,False,True,True
in Q1 2010 18 May 2010 - Finnish electrical components maker Salcomp Oy ( HEL : SAL1V ) said today it turned to a net profit of EUR1 .6 m in the first quarter of 2010 versus a loss of EUR2m in the corresponding period last year .,2,2,2,0.15309999883174896,0.9429172873497009,positive,positive,positive,True,True,False
Finnish handling systems company Cargotec Oyj ( HEL : CGCBV ) said today that it won a EUR 13 million ( USD 16.6 m ) contract to deliver MacGregor hatch covers for ships ordered by Norwegian shipowner Grieg Shipping .,2,2,2,0.5719000101089478,0.9460781216621399,positive,positive,positive,True,True,False
"Luxembourg-registered investment fund Amber Trust II has won the final approval of Lithuania 's Competition Council to acquire 29.6 percent of Sanitas , the country 's largest pharmaceutical producer .",2,2,2,0.8779000043869019,0.8856692910194397,positive,positive,positive,True,True,False
Clothing chain Sepp+ñl+ñ 's net sales increased by 7.0 % to EUR 30.8 mn .,2,2,2,0.27320000529289246,0.957904040813446,positive,positive,positive,True,True,False
Rautaruukki said construction group YIT has awarded it a 2.5 mln eur contract to supply the steel structures for a new bridge spanning the Kemijoki river in Northern Finland .,2,2,2,0.4018999934196472,0.9464569687843323,positive,positive,positive,True,True,False
"So far the company has awarded more than $ 350,000 worth of tools and materials .",1,2,2,0.5573999881744385,0.676478385925293,neutral,positive,positive,False,False,False
"The inaugural speech will be given by Hannu Kyrolainen , Finland 's Ambassador to the Czech Republic .",1,1,1,0.0,0.9352803230285645,neutral,neutral,neutral,True,True,False
"The company was supposed to deliver machinery to a veneer mill in the Tomsk region , in Russia .",1,1,1,0.0,0.9311131834983826,neutral,neutral,neutral,True,True,False
"Finnish IT solutions provider Affecto Oyj said today that it has won a frame contract , valued at some EUR2m , to implement the next phase of its insurance application for South African Mutual & Federal Insurance Company Limited M&F .",2,2,2,0.7505999803543091,0.9452018737792969,positive,positive,positive,True,True,False
"Both operating profit and net sales for the 12-month period increased , respectively from EUR20 .8 m and EUR177 .7 m , as compared to the financial year 2004 .",2,2,2,0.7505999803543091,0.9577295780181885,positive,positive,positive,True,True,False
Finnish Bore that is owned by the Rettig family has grown recently through the acquisition of smaller shipping companies .,2,0,2,-0.25,0.9030565619468689,positive,negative,positive,False,True,True
"Together with Latvia , Cramo will operate 54 rental outlets in the Baltic States .",1,1,1,0.0,0.8649296760559082,neutral,neutral,neutral,True,True,False
Finnish Aktia Group 's operating profit rose to EUR 17.5 mn in the first quarter of 2010 from EUR 8.2 mn in the first quarter of 2009 .,2,2,2,0.44040000438690186,0.9514082074165344,positive,positive,positive,True,True,False
"Cardona slowed her vehicle , turned around and returned to the intersection , where she called 911 .",1,1,1,0.0,0.6961759328842163,neutral,neutral,neutral,True,True,False
Finnish developer and manufacturer of mobile phone chargers Salcomp Plc OMX Helsinki : SAL1V on Wednesday 19 November lowered its full-year net sales estimate .,0,0,0,-0.12800000607967377,0.9695081114768982,negative,negative,negative,True,True,False
"At 1411 CET , ArcelorMittal had lost 7.26 % to EUR 17.38 on Euronext Paris , coming at the lead of the blue-chip fallers .",0,0,0,-0.3181999921798706,0.9751741290092468,negative,negative,negative,True,True,False
"Wayne Greensmith , Fiskars Brands UK senior brand manager , said : `` We have launched this as we want to give something back to the community .",1,2,2,0.20229999721050262,0.6282910704612732,neutral,positive,positive,False,False,False
"Altogether CapMan employs approximately 150 people in Helsinki , Stockholm , Copenhagen , Oslo , Moscow and Luxembourg .",1,1,1,0.0,0.947261393070221,neutral,neutral,neutral,True,True,False
"The value of the order is EUR 700,000 .",1,2,1,0.3400000035762787,0.9320376515388489,neutral,positive,neutral,False,True,True
"Agricultural newspaper Maaseudun Tulevaisuus had 318,000 readers , representing a decrease of 6 % .",0,1,0,0.0,0.9657704830169678,negative,neutral,negative,False,True,True
Sales of mid-strength beer decreased by 40 % .,0,1,0,0.0,0.9684638381004333,negative,neutral,negative,False,True,True
"Panostaja owns a 68.77 pct of share capital and the voting rights of Suomen Helasto shares following an exchange of shares which was carried out on May 30 , 2007 .",1,2,1,0.6808000206947327,0.9214493036270142,neutral,positive,neutral,False,True,True
"Uncertainties still exist , however .",1,0,1,-0.3400000035762787,0.47317028045654297,neutral,negative,neutral,False,True,True
It will report full-year results on August 22 .,1,1,1,0.0,0.9445064067840576,neutral,neutral,neutral,True,True,False
"Purchase it for the 12MP snapper , if nothing else .",1,1,1,0.0,0.9277523756027222,neutral,neutral,neutral,True,True,False
The number of magazine and newspaper readers remained unchanged .,1,2,1,0.07720000296831131,0.7812791466712952,neutral,positive,neutral,False,True,True
The total investment of the project will be approximately EUR 36m .,1,1,1,0.0,0.9046082496643066,neutral,neutral,neutral,True,True,False
"The company is in the process of building a new fleet and has placed orders for 10 P-Max tankers of 65,200 dwt .",2,1,2,0.0,0.7971519827842712,positive,neutral,positive,False,True,True
The value of the deal is estimated at between SEK25m and SEK50m .,1,2,1,0.3400000035762787,0.9359806776046753,neutral,positive,neutral,False,True,True
"In this way , the industry 's starting point has been the consumers ' needs .",1,1,1,0.0,0.8882874250411987,neutral,neutral,neutral,True,True,False
The size of a cider bottle will remain unchanged .,1,1,1,0.0,0.9459359049797058,neutral,neutral,neutral,True,True,False
"The Baltimore Police and Fire Pension , which has about $ 1.5 billion , lost about $ 3.5 million in Madoff Ponzi scheme .",0,0,0,-0.5719000101089478,0.891913890838623,negative,negative,negative,True,True,False
Fortum had intended to spend as much as ( EURO ) 2.7 bn to become the sole owner of TGK-10 .,1,1,1,0.0,0.8685287237167358,neutral,neutral,neutral,True,True,False
"In addition to the demand in Finland , the export of lining stone products also increased .",2,2,2,0.15309999883174896,0.9489381909370422,positive,positive,positive,True,True,False
"Finnish newspaper publisher Sanoma , of media group SanomaWSOY , is merging its free sheets Uutislehti 100 and Metro as of mid-September 2008 to form a new free sheet to be named Metro .",1,2,1,0.7649999856948853,0.9362135529518127,neutral,positive,neutral,False,True,True
"Of these shares 29,659,239 are held by the Company or its group companies and the number of outstanding shares and voting rights attached to the shares thus amounts to 322,705,218 .",1,2,1,0.871999979019165,0.9552358388900757,neutral,positive,neutral,False,True,True
"` Our strategic cooperation with Rentakran brings us new customers and already-working relationships with the authorities of the new territories , ' said Jarmo Laasanen , a senior manager at Cramo .",2,1,2,0.0,0.9491704702377319,positive,neutral,positive,False,True,True
"A Helsinki : ELIiV today reported EPS of EUR1 .13 for 2009 , an increase over EPS of EUR1 .12 in 2008 .",2,2,2,0.3181999921798706,0.9560031294822693,positive,positive,positive,True,True,False
The commission said the hydrogen peroxide and PBS market was worth about 470 million euros in 2000 .,1,2,1,0.22630000114440918,0.9260163307189941,neutral,positive,neutral,False,True,True
"The company expects its net sales for the whole of 2007 to be EUR 950mn-1 ,000 mn .",1,1,1,0.0,0.8588744401931763,neutral,neutral,neutral,True,True,False
"VDW combined with LXE devices enhances productivity , enabling workers to use a single device to perform voice , scanning and keyboard functions .",2,1,2,0.0,0.8273612856864929,positive,neutral,positive,False,True,True
"8,600 m , and at the time of investment it is fully leased to several tenants .",1,1,1,0.0,0.9472129940986633,neutral,neutral,neutral,True,True,False
"Simultaneously , his responsibility area is extended from legal affairs to cover also mergers and acquisitions .",1,2,1,0.12800000607967377,0.8977899551391602,neutral,positive,neutral,False,True,True
"H+Ñkan Dahlstr+Âm , head of mobility services at TeliaSonera , has forecast that mobile data volume on the TeliaSonera network in Sweden will rise eight-fold to 200,000 TB by 2014 .",2,1,2,0.0,0.9509669542312622,positive,neutral,positive,False,True,True
"Tikkurila Powder Coatings has some 50 employees at its four paint plants , which generated revenues of EUR2 .4 m USD3 .3 m in 2010 .",1,1,1,0.0,0.93380206823349,neutral,neutral,neutral,True,True,False
"However , two of the previously ordered sets will start producing electricity at the end of October 2010 , it said .",1,1,1,0.0,0.7985842823982239,neutral,neutral,neutral,True,True,False
The increase range will vary up to 10 % .,1,2,1,0.3181999921798706,0.9001892805099487,neutral,positive,neutral,False,True,True
The first of the two project phases is expected to be completed by the end of 2012 .,1,1,1,0.0,0.8456918597221375,neutral,neutral,neutral,True,True,False
"The OMX Helsinki 25 ended 0.47 pct lower at 3,150.55 and the OMX Helsinki was down 0.21 pct at 10,736.42 on 1.523 bln eur turnover .",0,0,0,-0.29600000381469727,0.9715253114700317,negative,negative,negative,True,True,False
"To showcase our end-to-end capabilities at the Mobile World Congress , we arranged an internal MeeGo application development competition to entice developers to create new applications .",1,2,2,0.27320000529289246,0.7983807325363159,neutral,positive,positive,False,False,False
"Finnish broadband data communication systems provider Teleste Oyj HEL : TLT1V said yesterday it returned to a net profit of EUR 2.7 million USD 3.8 m for the first nine months of 2010 versus a net loss of EUR 579,000 for the same period of 2009 .",2,2,2,0.15309999883174896,0.9319615364074707,positive,positive,positive,True,True,False
"The Filter Tips cover the volume range from 0.1-1200 -Ál including new sizes for 10 , 20 , 100-120 , 200 , 300 , 1000 and 1200 -Ál volume capacities .",1,1,1,0.0,0.8516892790794373,neutral,neutral,neutral,True,True,False
The bank VTB24 provides mortgage loans to buy apartments in the complex at 11-13 % per annum in rubles .,1,1,1,0.0,0.9039310216903687,neutral,neutral,neutral,True,True,False
`` Printed fabrics and related design expertise have always been the core of Marimekko 's business and brand .,1,1,1,0.0,0.9131448864936829,neutral,neutral,neutral,True,True,False
"Coca-Cola was the market leader of manufacturers with a market share of 36.9 % , down 2.2 % from the corresponding period in 2004-2005 .",0,2,0,0.29600000381469727,0.9744190573692322,negative,positive,negative,False,True,True
Airbus will attempt to evacuate up to 873 people within 90 seconds .,1,1,1,0.0,0.7896996736526489,neutral,neutral,neutral,True,True,False
It includes options for additional 30 communal building sites as well as construction supervision works for all construction sites .,1,2,1,0.27320000529289246,0.9023422002792358,neutral,positive,neutral,False,True,True
"Once your plants are in the ground they will continue to grow , but the success of any garden lies in how well it 's maintained .",1,2,1,0.6123999953269958,0.8058991432189941,neutral,positive,neutral,False,True,True
`` With this new version it is very important for us to introduce a BIM process that is based on the detailed building information model .,1,2,1,0.27160000801086426,0.8141315579414368,neutral,positive,neutral,False,True,True
"Lassila & Tikanoja 's operating profit excluding non-recurring and imputed items for the second quarter was EUR11 .3 m , down from EUR13 .8 m a year ago .",0,2,0,0.44040000438690186,0.9765326976776123,negative,positive,negative,False,True,True
"Helsinki on October 22 , 2008 SSH COMMUNICATIONS SECURITY CORP Board of Directors For further information , please contact : Tomi Laamanen , Chairman , tel. +358 0 400 609 544 Distribution : NASDAQ OMX Helsinki Ltd. .",1,2,1,0.6632999777793884,0.9552921652793884,neutral,positive,neutral,False,True,True
The Line 4 will run fully underground and will comprise 10 stations which will be executed in two implementation stages .,1,1,1,0.0,0.9078584909439087,neutral,neutral,neutral,True,True,False
"It is the last smartphone running Maemo 5 , which is to be replaced with MeeGo , a joint project between Nokia , Intel and the open source community .",1,1,1,0.0,0.927555501461029,neutral,neutral,neutral,True,True,False
"Look out for vintage fabric cushion covers , '70s coffee pots , ceramic serving dishes , cocktail glasses , and stainless steel party dishes .",1,2,1,0.4018999934196472,0.9146729111671448,neutral,positive,neutral,False,True,True
Why not subscribe to the magazine ?,1,1,1,0.0,0.928243100643158,neutral,neutral,neutral,True,True,False
Finnish silicon wafers manufacturer Okmetic Oyj said it swung to a net profit of 4.9 mln euro $ 6.3 mln in the first nine months of 2006 from a net loss of 1.8 mln euro $ 2.3 mln a year earlier .,2,2,2,0.15309999883174896,0.9479690194129944,positive,positive,positive,True,True,False
"Production levels have been agreed with producers a long time ago , so a fall in consumption will lead to losses .",0,0,0,-0.15309999883174896,0.9690017104148865,negative,negative,negative,True,True,False
Acquisitions have been made and businesses have been well integrated .,2,2,2,0.27320000529289246,0.750531017780304,positive,positive,positive,True,True,False
"Finnish power supply solutions and systems provider Efore Oyj said its net loss widened to 3.2 mln euro $ 4.2 mln for the first quarter of fiscal 2006-2007 ending October 31 , 2007 from 900,000 euro $ 1.2 mln for the same period of fiscal 2005-06 .",0,0,2,-0.15309999883174896,0.9343902468681335,negative,negative,positive,True,False,True
Implementation of the project will be carried out by the Finnish company YIT in association with the investment fund Evli Property Investment Russia ( EPI ) .,1,1,1,0.0,0.8919435739517212,neutral,neutral,neutral,True,True,False
"The deal includes the entire personnel of PlanMill Oy , who will transfer to the new company as so-called old employees .",1,1,1,0.0,0.9500934481620789,neutral,neutral,neutral,True,True,False
"`` Small firms are suffering at the moment because they are likely to have money trouble , '' he added .",0,0,0,-0.7002999782562256,0.9630458354949951,negative,negative,negative,True,True,False
Absolut Bank is exploring the possibility of further borrowing .,1,1,1,0.0,0.8071029782295227,neutral,neutral,neutral,True,True,False
"Following the issue , the number of shares in the Swedish company will grow by 9 % .",1,2,2,0.3612000048160553,0.8917497396469116,neutral,positive,positive,False,False,False
"Poyry is a global consulting and engineering firm focusing on the energy , forest industry and infrastructure & environment sectors .",1,2,1,0.27320000529289246,0.9297003149986267,neutral,positive,neutral,False,True,True
"Karachi , Sept. 14 -- Ixonos , a world leader in the development and integration of solutions for handheld devices , announced that it is implementing a touch screen mobile user interface solution for the Intel Atom processor Z6xx based smartphones .",1,2,2,0.45879998803138733,0.6141617298126221,neutral,positive,positive,False,False,False
The plan is estimated to generate some EUR 5 million ( USD 6.5 m ) in cost savings on an annual basis .,2,1,2,0.0,0.9431911110877991,positive,neutral,positive,False,True,True
The new name of the Sanoma Division will be Sanoma News .,1,1,1,0.0,0.9505539536476135,neutral,neutral,neutral,True,True,False
"Under the transaction agreement , Metsaliitto will purchase 24.7 % of Metsa-Botnia 's shares from UPM and 3 % from M-real .",1,2,1,0.6596999764442444,0.898307740688324,neutral,positive,neutral,False,True,True
The front surfaces of these valve plates are directed towards each other .,1,1,1,0.0,0.943135678768158,neutral,neutral,neutral,True,True,False
"Metsa-Botnia will finance the payment of dividends , the repayment of capital and the repurchase of its own shares with the funds deriving from its divestment of the Uruguay operations , and shares in Pohjolan Voima , and by utilising its existing financing facilities .",1,2,1,0.5267000198364258,0.7403367757797241,neutral,positive,neutral,False,True,True
"The businesses to be divested offer dairy , edible fats , ready-meal and ice-cream packaging to multinational and local customers .",1,1,1,0.0,0.9440955519676208,neutral,neutral,neutral,True,True,False
The divested stake represented about 2.7 m shares in Okmetic 's capital .,1,2,1,0.29600000381469727,0.9394789934158325,neutral,positive,neutral,False,True,True
Sanoma Magazines International will invite other shareholders holding approximately 15 % of the shares to sell their shares .,1,2,1,0.6123999953269958,0.9450735449790955,neutral,positive,neutral,False,True,True
"The airline has ordered nine Airbus A350-900 aircraft with deliveries from 2011 , and in doing so becomes the lead airline for the latest variant of Rolls-Royce Trent series engines , called the 1700 .",2,1,2,0.0,0.853907585144043,positive,neutral,positive,False,True,True
"4 February 2011 - Finnish broadband data communication systems provider Teleste Oyj HEL : TLT1V said Wednesday its net profit rocketed to EUR4 .8 m in 2010 from EUR416 ,000 in 2009 and it lifted its dividend proposal .",2,2,2,0.44040000438690186,0.9393893480300903,positive,positive,positive,True,True,False
"However , net sales in 2010 are seen to have grown to EUR598 .3 m from EUR582 .3 m in 2009 .",2,1,2,0.0,0.947320282459259,positive,neutral,positive,False,True,True
"EUR928 ,000 in Q1 2010 6 May 2010 - Finnish textile and clothing design company Marimekko Oyj ( HEL : MMO1V ) said today its net profit rose to EUR928 ,000 in the first quarter of 2010 from EUR13 ,000 in the corresponding period a year earlier .",2,2,2,0.44040000438690186,0.9479404091835022,positive,positive,positive,True,True,False
The CVs of the proposed members are available for viewing from 12 March 2008 onwards on the Internet at www.sampo.com/ir .,1,1,1,0.0,0.9539576768875122,neutral,neutral,neutral,True,True,False
"In Finland 's Hobby Hall 's sales decreased by 10 % , and international sales fell by 19 % .",0,1,0,0.0,0.9737187027931213,negative,neutral,negative,False,True,True
"Also , CBA is to issue a benchmark , 10 year fixed rate deal in Euros .",1,1,1,0.0,0.8235875368118286,neutral,neutral,neutral,True,True,False
"According to the report , Elisa 's and DNA 's joint market share of Finland 's telecom market is 59 % .",1,2,1,0.29600000381469727,0.9124484062194824,neutral,positive,neutral,False,True,True
"mn , and pretax profit to EUR 46.4 mn from EUR 35.8 mn in the third quarter of 2006 .",2,2,2,0.44040000438690186,0.9386219382286072,positive,positive,positive,True,True,False
The company expects its net sales in 2008 to increase 5-10 % from 2007 .,2,2,2,0.3181999921798706,0.9542987942695618,positive,positive,positive,True,True,False
`` The issues identified by Stonesoft affect a range of content inspection technology .,1,1,1,0.0,0.7783556580543518,neutral,neutral,neutral,True,True,False
Cargotec Germany GmbH has been awarded a contract by Stadtverwaltung Mainz for chassis bodies under Open procedure .,2,2,2,0.4018999934196472,0.9395394921302795,positive,positive,positive,True,True,False
"Net sales surged by 18.5 % to EUR167 .8 m. Teleste said that EUR20 .4 m , or 12.2 % , of the sales came from the acquisitions made in 2009 .",2,1,2,0.0,0.9495853781700134,positive,neutral,positive,False,True,True
"The 5,000 megawatt wind farm being planned in Raahe would be built offshore in front of Ruukki 's Raahe Works .",1,1,1,0.0,0.9187304377555847,neutral,neutral,neutral,True,True,False
"In 2006 the company 's net sales amounted to approximately EUR259m and it has some 8,000 employees .",1,1,1,0.0,0.943412721157074,neutral,neutral,neutral,True,True,False
"The company recorded revenues of E658 .1 million during the fiscal year ended December 2007 , an increase of 23 % over 2006 .",2,2,2,0.3181999921798706,0.9530609250068665,positive,positive,positive,True,True,False
Salcomp Manufacturing Oy will pay EUR 35 million in cash to Salcomp in connection with the implementation of the sale and transfer of the Business .,1,0,1,-0.10270000249147415,0.891805112361908,neutral,negative,neutral,False,True,True
Ruukki forecast a 15-20 % annual sales growth and a positive pretax result for 2010 .,2,2,2,0.7350999712944031,0.9547516107559204,positive,positive,positive,True,True,False
Net sales in 2007 are expected to be 10 % up on 2006 .,2,1,2,0.0,0.9567500948905945,positive,neutral,positive,False,True,True
"Finnish Metso Paper has won an order to supply an uncoated fine paper machine to MCC Paper Yinhe , in China .",2,2,2,0.6704999804496765,0.9366104006767273,positive,positive,positive,True,True,False
Major Order in India Comptel Corporation has received a significant long-term order for mediation and provisioning solutions being used by a leading operator in India .,2,2,2,0.3612000048160553,0.9506736993789673,positive,positive,positive,True,True,False
"Vaahto Pulp & Paper , of Finnish Vaahto Group , has been awarded an order to renovate Finnish-Swedish forest industry company Stora Enso 's paperboard machine at the Ingerois Board Mill in Finland .",2,2,2,0.4018999934196472,0.9425139427185059,positive,positive,positive,True,True,False
"Jeder Beta-Tester erh+ñlt kostenlos sechs Monate lang Updates und hat laut eigener Aussage die M+Âglichkeit , die finale Version zu beeinflussen .",1,0,1,-0.83160001039505,0.8532319664955139,neutral,negative,neutral,False,True,True
Operating profit increased to EUR 14.0 mn from EUR 4.9 mn in the corresponding period in 2005 .,2,2,2,0.6123999953269958,0.9504677653312683,positive,positive,positive,True,True,False
"Re-use back into PET bottles has also steadily increased and the rate of use in strapping tape has picked up again after a dip in 2005 , Petcore said previously .",2,2,2,0.27320000529289246,0.9504227638244629,positive,positive,positive,True,True,False
"The prerequisite for inclusion in the program and for receipt of any gains is that key employees acquire Aspo shares to the amount determined by the Board in advance , in the maximum .",1,2,1,0.7184000015258789,0.9356364011764526,neutral,positive,neutral,False,True,True
The company 's board of directors would propose a dividend of EUR1 .00 per share for 2005 .,1,2,1,0.29600000381469727,0.9334877133369446,neutral,positive,neutral,False,True,True
EPS dropped to EUR0 .2 from EUR0 .3 .,0,1,0,0.0,0.9731701612472534,negative,neutral,negative,False,True,True
"POYRY PLCCompany Announcement 10 December 2010 at 4.10 p.m. Pursuant to Poyry PLC 's stock option program 2004 , 63 792 new shares of the company have been subscribed since 27 October 2010 with stock options 2004B .",1,2,1,0.29600000381469727,0.9447007179260254,neutral,positive,neutral,False,True,True
Jon Risfelt is 49 years old holds a Master of Science in Chemical Engineering from the Swedish Royal Institute of Technology .,1,1,1,0.0,0.9270276427268982,neutral,neutral,neutral,True,True,False
VNH generates annual net sales of about 5 mln eur and employs 21 people .,1,1,1,0.0,0.9459455013275146,neutral,neutral,neutral,True,True,False
Okmetic has used the furnaces for the contract manufacturing of solar crystals .,1,1,1,0.0,0.913588285446167,neutral,neutral,neutral,True,True,False
"`` Method and System for Controlling a Hard Disk Drive Using a Multimediacard Physical Interface '' was invented by Marko Ahvenainen Ruutana , Finland .",1,0,1,-0.10270000249147415,0.9358685612678528,neutral,negative,neutral,False,True,True
"Yesterday , Legrand issued its E300 million fixed rate deal maturing 2017 .",1,1,1,0.0,0.7481690049171448,neutral,neutral,neutral,True,True,False
"The operations to be sold include manufacturing units in Finland , France , Poland and Turkey , as well as sales units in Germany and Lithuania .",1,2,1,0.27320000529289246,0.9527827501296997,neutral,positive,neutral,False,True,True
"The share sale , to foreign and Finnish investors , is expected to raise some euro300 million ( US$ 380 million ) .",1,2,2,0.29600000381469727,0.6936652064323425,neutral,positive,positive,False,False,False
The Moscow Metro ( www.mosmetro.ru ) was the first metro system in Europe to implement smart cards together with a new type of magnetic card in 1998 .,1,2,1,0.4018999934196472,0.7676367163658142,neutral,positive,neutral,False,True,True
The volume of investments in the two phases of the project is estimated at USD 300mn ( EUR 215.03 mn ) .,1,1,1,0.0,0.8812380433082581,neutral,neutral,neutral,True,True,False
"The stock price rose 70.0 ores or 0.9 % to close at SEK77 .65 , ending a two-day streak of losses .",2,0,2,-0.4018999934196472,0.9451589584350586,positive,negative,positive,False,True,True
This acquisition supports our strategy of being close to our customers all around the world offering both equipment and related services .,2,2,2,0.3612000048160553,0.8655484318733215,positive,positive,positive,True,True,False
The other deal is for process cranes to the Russian steel mill PNTZ in Pervorouralsky through an order placed by Turkish construction company Gama Endustri Tesisleri Imalat ve Montaj AS .,1,1,1,0.0,0.5879952311515808,neutral,neutral,neutral,True,True,False
M-real 's sales are expected to have increased by 4 % year-on-year to EUR609m in the second quarter of 2010 .,2,2,2,0.27320000529289246,0.9555349349975586,positive,positive,positive,True,True,False
"Compagnie de Financement Foncier - Is to issue a benchmark , 10 year covered deal in Euros .",1,1,1,0.0,0.8008585572242737,neutral,neutral,neutral,True,True,False
Finnish food company Raisio Oyj HEL : RAIVV said on Friday it has wrapped up the divestment of its margarine operations to US sector player Bunge Ltd NYSE : BG for EUR80m USD119 .2 m .,1,1,1,0.0,0.8266873955726624,neutral,neutral,neutral,True,True,False
NORDIC BUSINESS REPORT-26 June 2006-Metso Corporation wins EUR50m equipment order in Australia -® 1998-2006 M2 COMMUNICATIONS LTD The Finnish engineering and technology group Metso Corporation said on Monday ( 26 June ) that it has received a EUR50m equipment order in Australia .,2,2,2,0.5719000101089478,0.9369267821311951,positive,positive,positive,True,True,False
"The contracts of the employees , 96 of whom are blue-collar workers , will be ended between March and August 2011 .",0,1,0,0.0,0.8818625211715698,negative,neutral,negative,False,True,True
"The company 's operating income ( EBIT ) totalled EUR 0.0 mn , up from EUR -0.3 mn year-on-year .",2,1,2,0.0,0.9544079303741455,positive,neutral,positive,False,True,True
"AHMS will also offer Hotel and Hotel Project Consultancy , Management Services , Brand Franchise , Training and Sales and Marketing services on a pan-India basis .",1,1,1,0.0,0.9086622595787048,neutral,neutral,neutral,True,True,False
A total 30 % of the order value was booked in the fourth quarter of 2009 and the remainder will be booked in the second quarter of 2010 .,1,2,1,0.3400000035762787,0.9471369385719299,neutral,positive,neutral,False,True,True
"In 2009 , Lee & Man had a combined annual production capacity of close to 4.5 million tonnes of paper and 300,000 tonnes of pulp .",1,1,1,0.0,0.9207523465156555,neutral,neutral,neutral,True,True,False
"Financial Statements include the consolidated financial statements of the Group , the Board of Directors ' Report , the Auditors ' Report and the Corporate Governance Statement .",1,1,1,0.0,0.9458364248275757,neutral,neutral,neutral,True,True,False
"The equipment is designated to Bollore Africa Logistics terminal Societe d'Exploitation du Terminal de Vridi SETV in Abidjan , Ivory Coast and the delivery is scheduled to start in March 2010 .",1,1,1,0.0,0.9293872117996216,neutral,neutral,neutral,True,True,False
"Arto Ryymin , born 1964 , will replace Juhani Kaisanlahti who has worked as acting EVP , Healthcare & Welfare since August 2007 .",1,1,1,0.0,0.8307618498802185,neutral,neutral,neutral,True,True,False
"Cramo Plc is a service company specialising in construction machinery and equipment rental and rental-related services , as well as rental and sale of modular space .",1,2,1,0.27320000529289246,0.9397934675216675,neutral,positive,neutral,False,True,True
